tid,boss,start_codon_x,start_codon_y,ORF_range_x,ORF_type_x,start_rprofile_x,ORF_range_y,ORF_type_y,start_rprofile_y,tab,odds_ratio,statistical test,result,dna,aa,oid,fa,accession,hit_def,hit_id,title,length,e_value,bits,subject_sequence,subject_start,subject_end,query_sequence,query_start,query_end,xml
AT1G04520.1,uORF,ATG,ATG,"[301, 322]",uORF,"[12.0, 0.0, 0.0]","[400, 1324]",mORF,"[38.0, 0.0, 0.0]","[array([[ 560,    6,    2],
       [3090,  188,   22]]), array([[ 560,    8],
       [3090,  211]])]",4.778775802826686,ChiSquare,"ChiSquareResult(statistic=31.348176033534532, adjusted_pvalue=7.446613152925368e-07, adjusted_bootstrap_pvalue=0.0, adjusted_residuals=array([[ 4.72998347, -4.68037907, -0.8818044 ],
       [-4.72998347,  4.68037907,  0.8818044 ]]), adjusted_posthoc_pvalues=[6.657005416667688e-06, 6.657005416667688e-06])",ATGAGAAAGCCAATGCTTTGA,MRKPML,AT1G04520.1__301-322,">AT1G04520.1__301-322
MRKPML",,,,,,,,,,,,,,../results/wu_2024_datasets/riboss/SRR15700008_13.riboss.sig.blastp.xml
AT1G09800.1,uORF,ATG,ATG,"[66, 210]",uORF,"[0.0, 0.0, 0.0]","[398, 1517]",mORF,"[0.0, 0.0, 0.0]","[array([[1561,   12,   64],
       [ 125,   26,    0]]), array([[1561,   77],
       [ 125,   26]])]",4.211167684345353,ChiSquare,"ChiSquareResult(statistic=96.9454350436913, adjusted_pvalue=1.6389218777126726e-20, adjusted_bootstrap_pvalue=0.0, adjusted_residuals=array([[  6.37539233, -13.43964305,   2.47439624],
       [ -6.37539233,  13.43964305,  -2.47439624]]), adjusted_posthoc_pvalues=[7.889577577153841e-10, 7.889577577153841e-10])",ATGTGGGCCATCGGCCCACACGATATTAACTCTATTTTTAAAGGGAGAAAGCCCACTAAGATAGCTTGCTATCTGGGCTTTCGCGAGTCGCCCATGCGTTGCACTACTGCACGGGCTTGGCTCATCCCATCAACAAATAGTTAA,MWAIGPHDINSIFKGRKPTKIACYLGFRESPMRCTTARAWLIPSTNS,AT1G09800.1__66-210,">AT1G09800.1__66-210
MWAIGPHDINSIFKGRKPTKIACYLGFRESPMRCTTARAWLIPSTNS",ESQ35401,"hypothetical protein EUTSA_v10009901mg, partial [Eutrema salsugineum]",gb|ESQ35401.1|,"gb|ESQ35401.1| hypothetical protein EUTSA_v10009901mg, partial [Eutrema salsugineum]",78.0,2.05676e-22,91.6633,MWAIGPHDINSIFLGRKPTKIACYLGFRESPMRCTTARAWLGPPTS,31.0,76.0,MWAIGPHDINSIFKGRKPTKIACYLGFRESPMRCTTARAWLIPSTN,1.0,46.0,../results/wu_2024_datasets/riboss/SRR15700008_13.riboss.sig.blastp.xml
AT1G09800.1,uORF,ATG,ATG,"[66, 210]",uORF,"[0.0, 0.0, 0.0]","[398, 1517]",mORF,"[0.0, 0.0, 0.0]","[array([[1561,   12,   64],
       [ 125,   26,    0]]), array([[1561,   77],
       [ 125,   26]])]",4.211167684345353,ChiSquare,"ChiSquareResult(statistic=96.9454350436913, adjusted_pvalue=1.6389218777126726e-20, adjusted_bootstrap_pvalue=0.0, adjusted_residuals=array([[  6.37539233, -13.43964305,   2.47439624],
       [ -6.37539233,  13.43964305,  -2.47439624]]), adjusted_posthoc_pvalues=[7.889577577153841e-10, 7.889577577153841e-10])",ATGTGGGCCATCGGCCCACACGATATTAACTCTATTTTTAAAGGGAGAAAGCCCACTAAGATAGCTTGCTATCTGGGCTTTCGCGAGTCGCCCATGCGTTGCACTACTGCACGGGCTTGGCTCATCCCATCAACAAATAGTTAA,MWAIGPHDINSIFKGRKPTKIACYLGFRESPMRCTTARAWLIPSTNS,AT1G09800.1__66-210,">AT1G09800.1__66-210
MWAIGPHDINSIFKGRKPTKIACYLGFRESPMRCTTARAWLIPSTNS",CAF1707074,"unnamed protein product, partial [Brassica napus]",emb|CAF1707074.1|,"emb|CAF1707074.1| unnamed protein product, partial [Brassica napus]",61.0,5.0519e-17,77.411,IWVIGPYDVNYIFSGGKPIKIACYLGFRELPLRCTTARAWLNPS,16.0,59.0,MWAIGPHDINSIFKGRKPTKIACYLGFRESPMRCTTARAWLIPS,1.0,44.0,../results/wu_2024_datasets/riboss/SRR15700008_13.riboss.sig.blastp.xml
AT1G09800.1,uORF,ATG,ATG,"[66, 210]",uORF,"[0.0, 0.0, 0.0]","[398, 1517]",mORF,"[0.0, 0.0, 0.0]","[array([[1561,   12,   64],
       [ 125,   26,    0]]), array([[1561,   77],
       [ 125,   26]])]",4.211167684345353,ChiSquare,"ChiSquareResult(statistic=96.9454350436913, adjusted_pvalue=1.6389218777126726e-20, adjusted_bootstrap_pvalue=0.0, adjusted_residuals=array([[  6.37539233, -13.43964305,   2.47439624],
       [ -6.37539233,  13.43964305,  -2.47439624]]), adjusted_posthoc_pvalues=[7.889577577153841e-10, 7.889577577153841e-10])",ATGTGGGCCATCGGCCCACACGATATTAACTCTATTTTTAAAGGGAGAAAGCCCACTAAGATAGCTTGCTATCTGGGCTTTCGCGAGTCGCCCATGCGTTGCACTACTGCACGGGCTTGGCTCATCCCATCAACAAATAGTTAA,MWAIGPHDINSIFKGRKPTKIACYLGFRESPMRCTTARAWLIPSTNS,AT1G09800.1__66-210,">AT1G09800.1__66-210
MWAIGPHDINSIFKGRKPTKIACYLGFRESPMRCTTARAWLIPSTNS",CAF2091612,"unnamed protein product, partial [Brassica napus]",emb|CAF2091612.1|,"emb|CAF2091612.1| unnamed protein product, partial [Brassica napus]",65.0,7.79161e-16,74.7146,MWAIGPLDINSIFLGRKSIKIACCLGFHESPMRCTIARAWLNP,20.0,62.0,MWAIGPHDINSIFKGRKPTKIACYLGFRESPMRCTTARAWLIP,1.0,43.0,../results/wu_2024_datasets/riboss/SRR15700008_13.riboss.sig.blastp.xml
AT1G09800.1,uORF,ATG,ATG,"[66, 210]",uORF,"[0.0, 0.0, 0.0]","[398, 1517]",mORF,"[0.0, 0.0, 0.0]","[array([[1561,   12,   64],
       [ 125,   26,    0]]), array([[1561,   77],
       [ 125,   26]])]",4.211167684345353,ChiSquare,"ChiSquareResult(statistic=96.9454350436913, adjusted_pvalue=1.6389218777126726e-20, adjusted_bootstrap_pvalue=0.0, adjusted_residuals=array([[  6.37539233, -13.43964305,   2.47439624],
       [ -6.37539233,  13.43964305,  -2.47439624]]), adjusted_posthoc_pvalues=[7.889577577153841e-10, 7.889577577153841e-10])",ATGTGGGCCATCGGCCCACACGATATTAACTCTATTTTTAAAGGGAGAAAGCCCACTAAGATAGCTTGCTATCTGGGCTTTCGCGAGTCGCCCATGCGTTGCACTACTGCACGGGCTTGGCTCATCCCATCAACAAATAGTTAA,MWAIGPHDINSIFKGRKPTKIACYLGFRESPMRCTTARAWLIPSTNS,AT1G09800.1__66-210,">AT1G09800.1__66-210
MWAIGPHDINSIFKGRKPTKIACYLGFRESPMRCTTARAWLIPSTNS",CAG7871640,"unnamed protein product, partial [Brassica rapa]",emb|CAG7871640.1|,"emb|CAG7871640.1| unnamed protein product, partial [Brassica rapa]",61.0,1.66e-15,73.559,IWVIGPYDINYIFLGKRPIKIACYLAFWESPLRCTSARAWLNPSIK,16.0,61.0,MWAIGPHDINSIFKGRKPTKIACYLGFRESPMRCTTARAWLIPSTN,1.0,46.0,../results/wu_2024_datasets/riboss/SRR15700008_13.riboss.sig.blastp.xml
AT1G09800.1,uORF,ATG,ATG,"[66, 210]",uORF,"[0.0, 0.0, 0.0]","[398, 1517]",mORF,"[0.0, 0.0, 0.0]","[array([[1561,   12,   64],
       [ 125,   26,    0]]), array([[1561,   77],
       [ 125,   26]])]",4.211167684345353,ChiSquare,"ChiSquareResult(statistic=96.9454350436913, adjusted_pvalue=1.6389218777126726e-20, adjusted_bootstrap_pvalue=0.0, adjusted_residuals=array([[  6.37539233, -13.43964305,   2.47439624],
       [ -6.37539233,  13.43964305,  -2.47439624]]), adjusted_posthoc_pvalues=[7.889577577153841e-10, 7.889577577153841e-10])",ATGTGGGCCATCGGCCCACACGATATTAACTCTATTTTTAAAGGGAGAAAGCCCACTAAGATAGCTTGCTATCTGGGCTTTCGCGAGTCGCCCATGCGTTGCACTACTGCACGGGCTTGGCTCATCCCATCAACAAATAGTTAA,MWAIGPHDINSIFKGRKPTKIACYLGFRESPMRCTTARAWLIPSTNS,AT1G09800.1__66-210,">AT1G09800.1__66-210
MWAIGPHDINSIFKGRKPTKIACYLGFRESPMRCTTARAWLIPSTNS",RID59111,"hypothetical protein BRARA_F02360, partial [Brassica rapa]",gb|RID59111.1|,"gb|RID59111.1| hypothetical protein BRARA_F02360, partial [Brassica rapa]",74.0,2.33484e-15,73.559,IWVIGPYDINYIFLGKMPIKIACYLGFWELPLRCTTARAWLNPSIK,29.0,74.0,MWAIGPHDINSIFKGRKPTKIACYLGFRESPMRCTTARAWLIPSTN,1.0,46.0,../results/wu_2024_datasets/riboss/SRR15700008_13.riboss.sig.blastp.xml
AT1G09800.1,uORF,ATG,ATG,"[66, 210]",uORF,"[0.0, 0.0, 0.0]","[398, 1517]",mORF,"[0.0, 0.0, 0.0]","[array([[1561,   12,   64],
       [ 125,   26,    0]]), array([[1561,   77],
       [ 125,   26]])]",4.211167684345353,ChiSquare,"ChiSquareResult(statistic=96.9454350436913, adjusted_pvalue=1.6389218777126726e-20, adjusted_bootstrap_pvalue=0.0, adjusted_residuals=array([[  6.37539233, -13.43964305,   2.47439624],
       [ -6.37539233,  13.43964305,  -2.47439624]]), adjusted_posthoc_pvalues=[7.889577577153841e-10, 7.889577577153841e-10])",ATGTGGGCCATCGGCCCACACGATATTAACTCTATTTTTAAAGGGAGAAAGCCCACTAAGATAGCTTGCTATCTGGGCTTTCGCGAGTCGCCCATGCGTTGCACTACTGCACGGGCTTGGCTCATCCCATCAACAAATAGTTAA,MWAIGPHDINSIFKGRKPTKIACYLGFRESPMRCTTARAWLIPSTNS,AT1G09800.1__66-210,">AT1G09800.1__66-210
MWAIGPHDINSIFKGRKPTKIACYLGFRESPMRCTTARAWLIPSTNS",WZZ52111,hypothetical protein YC2023_052218 [Brassica napus],gb|WZZ52111.1|,gb|WZZ52111.1| hypothetical protein YC2023_052218 [Brassica napus],447.0,1.05056e-12,72.0182,MWAICPQDINSIFQGRKSVKIACYLGFNESPLRCTIAWAGLTRQT,399.0,443.0,MWAIGPHDINSIFKGRKPTKIACYLGFRESPMRCTTARAWLIPST,1.0,45.0,../results/wu_2024_datasets/riboss/SRR15700008_13.riboss.sig.blastp.xml
AT1G09800.1,uORF,ATG,ATG,"[66, 210]",uORF,"[0.0, 0.0, 0.0]","[398, 1517]",mORF,"[0.0, 0.0, 0.0]","[array([[1561,   12,   64],
       [ 125,   26,    0]]), array([[1561,   77],
       [ 125,   26]])]",4.211167684345353,ChiSquare,"ChiSquareResult(statistic=96.9454350436913, adjusted_pvalue=1.6389218777126726e-20, adjusted_bootstrap_pvalue=0.0, adjusted_residuals=array([[  6.37539233, -13.43964305,   2.47439624],
       [ -6.37539233,  13.43964305,  -2.47439624]]), adjusted_posthoc_pvalues=[7.889577577153841e-10, 7.889577577153841e-10])",ATGTGGGCCATCGGCCCACACGATATTAACTCTATTTTTAAAGGGAGAAAGCCCACTAAGATAGCTTGCTATCTGGGCTTTCGCGAGTCGCCCATGCGTTGCACTACTGCACGGGCTTGGCTCATCCCATCAACAAATAGTTAA,MWAIGPHDINSIFKGRKPTKIACYLGFRESPMRCTTARAWLIPSTNS,AT1G09800.1__66-210,">AT1G09800.1__66-210
MWAIGPHDINSIFKGRKPTKIACYLGFRESPMRCTTARAWLIPSTNS",KDO71656,"hypothetical protein CISIN_1g038069mg, partial [Citrus sinensis]",gb|KDO71656.1|,"gb|KDO71656.1| hypothetical protein CISIN_1g038069mg, partial [Citrus sinensis]",71.0,1.0299e-09,59.3066,MWAIGPHDIKLIFVGGGSATVACYRGPQASLLRCTTARAWRTPAT,25.0,69.0,MWAIGPHDINSIFKGRKPTKIACYLGFRESPMRCTTARAWLIPST,1.0,45.0,../results/wu_2024_datasets/riboss/SRR15700008_13.riboss.sig.blastp.xml
AT1G09800.1,uORF,ATG,ATG,"[66, 210]",uORF,"[0.0, 0.0, 0.0]","[398, 1517]",mORF,"[0.0, 0.0, 0.0]","[array([[1561,   12,   64],
       [ 125,   26,    0]]), array([[1561,   77],
       [ 125,   26]])]",4.211167684345353,ChiSquare,"ChiSquareResult(statistic=96.9454350436913, adjusted_pvalue=1.6389218777126726e-20, adjusted_bootstrap_pvalue=0.0, adjusted_residuals=array([[  6.37539233, -13.43964305,   2.47439624],
       [ -6.37539233,  13.43964305,  -2.47439624]]), adjusted_posthoc_pvalues=[7.889577577153841e-10, 7.889577577153841e-10])",ATGTGGGCCATCGGCCCACACGATATTAACTCTATTTTTAAAGGGAGAAAGCCCACTAAGATAGCTTGCTATCTGGGCTTTCGCGAGTCGCCCATGCGTTGCACTACTGCACGGGCTTGGCTCATCCCATCAACAAATAGTTAA,MWAIGPHDINSIFKGRKPTKIACYLGFRESPMRCTTARAWLIPSTNS,AT1G09800.1__66-210,">AT1G09800.1__66-210
MWAIGPHDINSIFKGRKPTKIACYLGFRESPMRCTTARAWLIPSTNS",KAG4176321,"hypothetical protein ERO13_A11G237966v2, partial [Gossypium hirsutum]",gb|KAG4176321.1|,"gb|KAG4176321.1| hypothetical protein ERO13_A11G237966v2, partial [Gossypium hirsutum]",70.0,1.06177e-09,59.3066,WAIGSHDIKLIFLGEKLTTVACYWGFHASPKRCTIAQAWRTPPNTS,25.0,70.0,WAIGPHDINSIFKGRKPTKIACYLGFRESPMRCTTARAWLIPSTNS,2.0,47.0,../results/wu_2024_datasets/riboss/SRR15700008_13.riboss.sig.blastp.xml
AT1G09800.1,uORF,ATG,ATG,"[66, 210]",uORF,"[0.0, 0.0, 0.0]","[398, 1517]",mORF,"[0.0, 0.0, 0.0]","[array([[1561,   12,   64],
       [ 125,   26,    0]]), array([[1561,   77],
       [ 125,   26]])]",4.211167684345353,ChiSquare,"ChiSquareResult(statistic=96.9454350436913, adjusted_pvalue=1.6389218777126726e-20, adjusted_bootstrap_pvalue=0.0, adjusted_residuals=array([[  6.37539233, -13.43964305,   2.47439624],
       [ -6.37539233,  13.43964305,  -2.47439624]]), adjusted_posthoc_pvalues=[7.889577577153841e-10, 7.889577577153841e-10])",ATGTGGGCCATCGGCCCACACGATATTAACTCTATTTTTAAAGGGAGAAAGCCCACTAAGATAGCTTGCTATCTGGGCTTTCGCGAGTCGCCCATGCGTTGCACTACTGCACGGGCTTGGCTCATCCCATCAACAAATAGTTAA,MWAIGPHDINSIFKGRKPTKIACYLGFRESPMRCTTARAWLIPSTNS,AT1G09800.1__66-210,">AT1G09800.1__66-210
MWAIGPHDINSIFKGRKPTKIACYLGFRESPMRCTTARAWLIPSTNS",TYH45719,hypothetical protein ES332_D11G284900v1 [Gossypium tomentosum],gb|TYH45719.1|,gb|TYH45719.1| hypothetical protein ES332_D11G284900v1 [Gossypium tomentosum],71.0,2.64352e-09,58.151,WANGPHDIKLIFLGGKLTTVACYWGFHASPKRCTIAQAWRTPPNSS,26.0,71.0,WAIGPHDINSIFKGRKPTKIACYLGFRESPMRCTTARAWLIPSTNS,2.0,47.0,../results/wu_2024_datasets/riboss/SRR15700008_13.riboss.sig.blastp.xml
AT1G09800.1,uORF,ATG,ATG,"[66, 210]",uORF,"[0.0, 0.0, 0.0]","[398, 1517]",mORF,"[0.0, 0.0, 0.0]","[array([[1561,   12,   64],
       [ 125,   26,    0]]), array([[1561,   77],
       [ 125,   26]])]",4.211167684345353,ChiSquare,"ChiSquareResult(statistic=96.9454350436913, adjusted_pvalue=1.6389218777126726e-20, adjusted_bootstrap_pvalue=0.0, adjusted_residuals=array([[  6.37539233, -13.43964305,   2.47439624],
       [ -6.37539233,  13.43964305,  -2.47439624]]), adjusted_posthoc_pvalues=[7.889577577153841e-10, 7.889577577153841e-10])",ATGTGGGCCATCGGCCCACACGATATTAACTCTATTTTTAAAGGGAGAAAGCCCACTAAGATAGCTTGCTATCTGGGCTTTCGCGAGTCGCCCATGCGTTGCACTACTGCACGGGCTTGGCTCATCCCATCAACAAATAGTTAA,MWAIGPHDINSIFKGRKPTKIACYLGFRESPMRCTTARAWLIPSTNS,AT1G09800.1__66-210,">AT1G09800.1__66-210
MWAIGPHDINSIFKGRKPTKIACYLGFRESPMRCTTARAWLIPSTNS",KAG8651633,"hypothetical protein MANES_06G007051v8, partial [Manihot esculenta]",gb|KAG8651633.1|,"gb|KAG8651633.1| hypothetical protein MANES_06G007051v8, partial [Manihot esculenta]",84.0,4.60706e-09,57.7658,WAIGPHDIKLIFLWEGPITVACYWGPYASPMRCTTARAW,25.0,63.0,WAIGPHDINSIFKGRKPTKIACYLGFRESPMRCTTARAW,2.0,40.0,../results/wu_2024_datasets/riboss/SRR15700008_13.riboss.sig.blastp.xml
AT1G09800.1,uORF,ATG,ATG,"[66, 210]",uORF,"[0.0, 0.0, 0.0]","[398, 1517]",mORF,"[0.0, 0.0, 0.0]","[array([[1561,   12,   64],
       [ 125,   26,    0]]), array([[1561,   77],
       [ 125,   26]])]",4.211167684345353,ChiSquare,"ChiSquareResult(statistic=96.9454350436913, adjusted_pvalue=1.6389218777126726e-20, adjusted_bootstrap_pvalue=0.0, adjusted_residuals=array([[  6.37539233, -13.43964305,   2.47439624],
       [ -6.37539233,  13.43964305,  -2.47439624]]), adjusted_posthoc_pvalues=[7.889577577153841e-10, 7.889577577153841e-10])",ATGTGGGCCATCGGCCCACACGATATTAACTCTATTTTTAAAGGGAGAAAGCCCACTAAGATAGCTTGCTATCTGGGCTTTCGCGAGTCGCCCATGCGTTGCACTACTGCACGGGCTTGGCTCATCCCATCAACAAATAGTTAA,MWAIGPHDINSIFKGRKPTKIACYLGFRESPMRCTTARAWLIPSTNS,AT1G09800.1__66-210,">AT1G09800.1__66-210
MWAIGPHDINSIFKGRKPTKIACYLGFRESPMRCTTARAWLIPSTNS",KAL1145025,hypothetical protein V6Z11_A11G270000 [Gossypium hirsutum],gb|KAL1145025.1|,gb|KAL1145025.1| hypothetical protein V6Z11_A11G270000 [Gossypium hirsutum],78.0,6.96627e-09,57.3806,WAIGSHDIKLIFLGGKLTTVACYWGFHASPKRCTIAQAWRTP,33.0,74.0,WAIGPHDINSIFKGRKPTKIACYLGFRESPMRCTTARAWLIP,2.0,43.0,../results/wu_2024_datasets/riboss/SRR15700008_13.riboss.sig.blastp.xml
AT1G09800.1,uORF,ATG,ATG,"[66, 210]",uORF,"[0.0, 0.0, 0.0]","[398, 1517]",mORF,"[0.0, 0.0, 0.0]","[array([[1561,   12,   64],
       [ 125,   26,    0]]), array([[1561,   77],
       [ 125,   26]])]",4.211167684345353,ChiSquare,"ChiSquareResult(statistic=96.9454350436913, adjusted_pvalue=1.6389218777126726e-20, adjusted_bootstrap_pvalue=0.0, adjusted_residuals=array([[  6.37539233, -13.43964305,   2.47439624],
       [ -6.37539233,  13.43964305,  -2.47439624]]), adjusted_posthoc_pvalues=[7.889577577153841e-10, 7.889577577153841e-10])",ATGTGGGCCATCGGCCCACACGATATTAACTCTATTTTTAAAGGGAGAAAGCCCACTAAGATAGCTTGCTATCTGGGCTTTCGCGAGTCGCCCATGCGTTGCACTACTGCACGGGCTTGGCTCATCCCATCAACAAATAGTTAA,MWAIGPHDINSIFKGRKPTKIACYLGFRESPMRCTTARAWLIPSTNS,AT1G09800.1__66-210,">AT1G09800.1__66-210
MWAIGPHDINSIFKGRKPTKIACYLGFRESPMRCTTARAWLIPSTNS",KAL1145024,"hypothetical protein V6Z11_A11G270000, partial [Gossypium hirsutum]",gb|KAL1145024.1|,"gb|KAL1145024.1| hypothetical protein V6Z11_A11G270000, partial [Gossypium hirsutum]",76.0,7.65375e-09,56.9954,WAIGSHDIKLIFLGGKLTTVACYWGFHASPKRCTIAQAWRTP,31.0,72.0,WAIGPHDINSIFKGRKPTKIACYLGFRESPMRCTTARAWLIP,2.0,43.0,../results/wu_2024_datasets/riboss/SRR15700008_13.riboss.sig.blastp.xml
AT1G09800.1,uORF,ATG,ATG,"[66, 210]",uORF,"[0.0, 0.0, 0.0]","[398, 1517]",mORF,"[0.0, 0.0, 0.0]","[array([[1561,   12,   64],
       [ 125,   26,    0]]), array([[1561,   77],
       [ 125,   26]])]",4.211167684345353,ChiSquare,"ChiSquareResult(statistic=96.9454350436913, adjusted_pvalue=1.6389218777126726e-20, adjusted_bootstrap_pvalue=0.0, adjusted_residuals=array([[  6.37539233, -13.43964305,   2.47439624],
       [ -6.37539233,  13.43964305,  -2.47439624]]), adjusted_posthoc_pvalues=[7.889577577153841e-10, 7.889577577153841e-10])",ATGTGGGCCATCGGCCCACACGATATTAACTCTATTTTTAAAGGGAGAAAGCCCACTAAGATAGCTTGCTATCTGGGCTTTCGCGAGTCGCCCATGCGTTGCACTACTGCACGGGCTTGGCTCATCCCATCAACAAATAGTTAA,MWAIGPHDINSIFKGRKPTKIACYLGFRESPMRCTTARAWLIPSTNS,AT1G09800.1__66-210,">AT1G09800.1__66-210
MWAIGPHDINSIFKGRKPTKIACYLGFRESPMRCTTARAWLIPSTNS",GLL45174,hypothetical protein EUTSA_v10009901mg [Ipomoea trifida],dbj|GLL45174.1|,dbj|GLL45174.1| hypothetical protein EUTSA_v10009901mg [Ipomoea trifida],85.0,1.3189e-08,56.9954,WAISPHDINSLFLGGRPIKAACCPGLRASPWRCTIASAWRTP,40.0,81.0,WAIGPHDINSIFKGRKPTKIACYLGFRESPMRCTTARAWLIP,2.0,43.0,../results/wu_2024_datasets/riboss/SRR15700008_13.riboss.sig.blastp.xml
AT1G09800.1,uORF,ATG,ATG,"[66, 210]",uORF,"[0.0, 0.0, 0.0]","[398, 1517]",mORF,"[0.0, 0.0, 0.0]","[array([[1561,   12,   64],
       [ 125,   26,    0]]), array([[1561,   77],
       [ 125,   26]])]",4.211167684345353,ChiSquare,"ChiSquareResult(statistic=96.9454350436913, adjusted_pvalue=1.6389218777126726e-20, adjusted_bootstrap_pvalue=0.0, adjusted_residuals=array([[  6.37539233, -13.43964305,   2.47439624],
       [ -6.37539233,  13.43964305,  -2.47439624]]), adjusted_posthoc_pvalues=[7.889577577153841e-10, 7.889577577153841e-10])",ATGTGGGCCATCGGCCCACACGATATTAACTCTATTTTTAAAGGGAGAAAGCCCACTAAGATAGCTTGCTATCTGGGCTTTCGCGAGTCGCCCATGCGTTGCACTACTGCACGGGCTTGGCTCATCCCATCAACAAATAGTTAA,MWAIGPHDINSIFKGRKPTKIACYLGFRESPMRCTTARAWLIPSTNS,AT1G09800.1__66-210,">AT1G09800.1__66-210
MWAIGPHDINSIFKGRKPTKIACYLGFRESPMRCTTARAWLIPSTNS",KAG6643888,hypothetical protein CIPAW_08G017600 [Carya illinoinensis] >gb|KAG7965803.1| hypothetical protein I3843_08G018700 [Carya illinoinensis],gb|KAG6643888.1|,gb|KAG6643888.1| hypothetical protein CIPAW_08G017600 [Carya illinoinensis] >gb|KAG7965803.1| hypothetical protein I3843_08G018700 [Carya illinoinensis],87.0,1.49309e-08,56.6102,WSNGPHDIKLIFLGGRPITVACYWGLCASPMRCTIARAWRTP,42.0,83.0,WAIGPHDINSIFKGRKPTKIACYLGFRESPMRCTTARAWLIP,2.0,43.0,../results/wu_2024_datasets/riboss/SRR15700008_13.riboss.sig.blastp.xml
AT1G09800.1,uORF,ATG,ATG,"[66, 210]",uORF,"[0.0, 0.0, 0.0]","[398, 1517]",mORF,"[0.0, 0.0, 0.0]","[array([[1561,   12,   64],
       [ 125,   26,    0]]), array([[1561,   77],
       [ 125,   26]])]",4.211167684345353,ChiSquare,"ChiSquareResult(statistic=96.9454350436913, adjusted_pvalue=1.6389218777126726e-20, adjusted_bootstrap_pvalue=0.0, adjusted_residuals=array([[  6.37539233, -13.43964305,   2.47439624],
       [ -6.37539233,  13.43964305,  -2.47439624]]), adjusted_posthoc_pvalues=[7.889577577153841e-10, 7.889577577153841e-10])",ATGTGGGCCATCGGCCCACACGATATTAACTCTATTTTTAAAGGGAGAAAGCCCACTAAGATAGCTTGCTATCTGGGCTTTCGCGAGTCGCCCATGCGTTGCACTACTGCACGGGCTTGGCTCATCCCATCAACAAATAGTTAA,MWAIGPHDINSIFKGRKPTKIACYLGFRESPMRCTTARAWLIPSTNS,AT1G09800.1__66-210,">AT1G09800.1__66-210
MWAIGPHDINSIFKGRKPTKIACYLGFRESPMRCTTARAWLIPSTNS",KAI9394528,hypothetical protein POPTR_005G106600v4 [Populus trichocarpa],gb|KAI9394528.1|,gb|KAI9394528.1| hypothetical protein POPTR_005G106600v4 [Populus trichocarpa],89.0,2.29437e-08,56.225,WANGSHDIKFIFLGGGSITVACYWGFRESPLRCTIALAWRSPPT,44.0,87.0,WAIGPHDINSIFKGRKPTKIACYLGFRESPMRCTTARAWLIPST,2.0,45.0,../results/wu_2024_datasets/riboss/SRR15700008_13.riboss.sig.blastp.xml
AT1G09800.1,uORF,ATG,ATG,"[66, 210]",uORF,"[0.0, 0.0, 0.0]","[398, 1517]",mORF,"[0.0, 0.0, 0.0]","[array([[1561,   12,   64],
       [ 125,   26,    0]]), array([[1561,   77],
       [ 125,   26]])]",4.211167684345353,ChiSquare,"ChiSquareResult(statistic=96.9454350436913, adjusted_pvalue=1.6389218777126726e-20, adjusted_bootstrap_pvalue=0.0, adjusted_residuals=array([[  6.37539233, -13.43964305,   2.47439624],
       [ -6.37539233,  13.43964305,  -2.47439624]]), adjusted_posthoc_pvalues=[7.889577577153841e-10, 7.889577577153841e-10])",ATGTGGGCCATCGGCCCACACGATATTAACTCTATTTTTAAAGGGAGAAAGCCCACTAAGATAGCTTGCTATCTGGGCTTTCGCGAGTCGCCCATGCGTTGCACTACTGCACGGGCTTGGCTCATCCCATCAACAAATAGTTAA,MWAIGPHDINSIFKGRKPTKIACYLGFRESPMRCTTARAWLIPSTNS,AT1G09800.1__66-210,">AT1G09800.1__66-210
MWAIGPHDINSIFKGRKPTKIACYLGFRESPMRCTTARAWLIPSTNS",TYI92424,hypothetical protein E1A91_D02G069900v1 [Gossypium mustelinum],gb|TYI92424.1|,gb|TYI92424.1| hypothetical protein E1A91_D02G069900v1 [Gossypium mustelinum],83.0,2.67412e-08,55.8398,WAIGSHDIKFIFEGRESIAVACYWGSRASLRRCTIARAWRSPPNSS,26.0,71.0,WAIGPHDINSIFKGRKPTKIACYLGFRESPMRCTTARAWLIPSTNS,2.0,47.0,../results/wu_2024_datasets/riboss/SRR15700008_13.riboss.sig.blastp.xml
AT1G09800.1,uORF,ATG,ATG,"[66, 210]",uORF,"[0.0, 0.0, 0.0]","[398, 1517]",mORF,"[0.0, 0.0, 0.0]","[array([[1561,   12,   64],
       [ 125,   26,    0]]), array([[1561,   77],
       [ 125,   26]])]",4.211167684345353,ChiSquare,"ChiSquareResult(statistic=96.9454350436913, adjusted_pvalue=1.6389218777126726e-20, adjusted_bootstrap_pvalue=0.0, adjusted_residuals=array([[  6.37539233, -13.43964305,   2.47439624],
       [ -6.37539233,  13.43964305,  -2.47439624]]), adjusted_posthoc_pvalues=[7.889577577153841e-10, 7.889577577153841e-10])",ATGTGGGCCATCGGCCCACACGATATTAACTCTATTTTTAAAGGGAGAAAGCCCACTAAGATAGCTTGCTATCTGGGCTTTCGCGAGTCGCCCATGCGTTGCACTACTGCACGGGCTTGGCTCATCCCATCAACAAATAGTTAA,MWAIGPHDINSIFKGRKPTKIACYLGFRESPMRCTTARAWLIPSTNS,AT1G09800.1__66-210,">AT1G09800.1__66-210
MWAIGPHDINSIFKGRKPTKIACYLGFRESPMRCTTARAWLIPSTNS",CAL8988747,"unnamed protein product, partial [Prunus brigantina] >emb|CAL8995775.1| unnamed protein product, partial [Prunus brigantina]",emb|CAL8988747.1|,"emb|CAL8988747.1| unnamed protein product, partial [Prunus brigantina] >emb|CAL8995775.1| unnamed protein product, partial [Prunus brigantina]",65.0,3.07729e-08,55.4546,WANGPHDIKLISLGGEPTTVACYWGSRASPKRCTTAWAWRTP,20.0,61.0,WAIGPHDINSIFKGRKPTKIACYLGFRESPMRCTTARAWLIP,2.0,43.0,../results/wu_2024_datasets/riboss/SRR15700008_13.riboss.sig.blastp.xml
AT1G09800.1,uORF,ATG,ATG,"[66, 210]",uORF,"[0.0, 0.0, 0.0]","[398, 1517]",mORF,"[0.0, 0.0, 0.0]","[array([[1561,   12,   64],
       [ 125,   26,    0]]), array([[1561,   77],
       [ 125,   26]])]",4.211167684345353,ChiSquare,"ChiSquareResult(statistic=96.9454350436913, adjusted_pvalue=1.6389218777126726e-20, adjusted_bootstrap_pvalue=0.0, adjusted_residuals=array([[  6.37539233, -13.43964305,   2.47439624],
       [ -6.37539233,  13.43964305,  -2.47439624]]), adjusted_posthoc_pvalues=[7.889577577153841e-10, 7.889577577153841e-10])",ATGTGGGCCATCGGCCCACACGATATTAACTCTATTTTTAAAGGGAGAAAGCCCACTAAGATAGCTTGCTATCTGGGCTTTCGCGAGTCGCCCATGCGTTGCACTACTGCACGGGCTTGGCTCATCCCATCAACAAATAGTTAA,MWAIGPHDINSIFKGRKPTKIACYLGFRESPMRCTTARAWLIPSTNS,AT1G09800.1__66-210,">AT1G09800.1__66-210
MWAIGPHDINSIFKGRKPTKIACYLGFRESPMRCTTARAWLIPSTNS",KAG6664522,hypothetical protein CIPAW_02G098900 [Carya illinoinensis],gb|KAG6664522.1|,gb|KAG6664522.1| hypothetical protein CIPAW_02G098900 [Carya illinoinensis],85.0,3.76649e-08,55.8398,WPIGSHDIKLIFLGGVPITVACYWGSRASPLRCTTASAWRTP,25.0,66.0,WAIGPHDINSIFKGRKPTKIACYLGFRESPMRCTTARAWLIP,2.0,43.0,../results/wu_2024_datasets/riboss/SRR15700008_13.riboss.sig.blastp.xml
AT1G09800.1,uORF,ATG,ATG,"[66, 210]",uORF,"[0.0, 0.0, 0.0]","[398, 1517]",mORF,"[0.0, 0.0, 0.0]","[array([[1561,   12,   64],
       [ 125,   26,    0]]), array([[1561,   77],
       [ 125,   26]])]",4.211167684345353,ChiSquare,"ChiSquareResult(statistic=96.9454350436913, adjusted_pvalue=1.6389218777126726e-20, adjusted_bootstrap_pvalue=0.0, adjusted_residuals=array([[  6.37539233, -13.43964305,   2.47439624],
       [ -6.37539233,  13.43964305,  -2.47439624]]), adjusted_posthoc_pvalues=[7.889577577153841e-10, 7.889577577153841e-10])",ATGTGGGCCATCGGCCCACACGATATTAACTCTATTTTTAAAGGGAGAAAGCCCACTAAGATAGCTTGCTATCTGGGCTTTCGCGAGTCGCCCATGCGTTGCACTACTGCACGGGCTTGGCTCATCCCATCAACAAATAGTTAA,MWAIGPHDINSIFKGRKPTKIACYLGFRESPMRCTTARAWLIPSTNS,AT1G09800.1__66-210,">AT1G09800.1__66-210
MWAIGPHDINSIFKGRKPTKIACYLGFRESPMRCTTARAWLIPSTNS",KAB2040192,hypothetical protein ES319_D02G065300v1 [Gossypium barbadense] >gb|TYG78566.1| hypothetical protein ES288_D02G069500v1 [Gossypium darwinii],gb|KAB2040192.1|,gb|KAB2040192.1| hypothetical protein ES319_D02G065300v1 [Gossypium barbadense] >gb|TYG78566.1| hypothetical protein ES288_D02G069500v1 [Gossypium darwinii],83.0,4.18669e-08,55.4546,WAIGSHDIKFIFEGEESITIACYWGSRASPRLCTIARAWRTPPNSS,26.0,71.0,WAIGPHDINSIFKGRKPTKIACYLGFRESPMRCTTARAWLIPSTNS,2.0,47.0,../results/wu_2024_datasets/riboss/SRR15700008_13.riboss.sig.blastp.xml
AT1G09800.1,uORF,ATG,ATG,"[66, 210]",uORF,"[0.0, 0.0, 0.0]","[398, 1517]",mORF,"[0.0, 0.0, 0.0]","[array([[1561,   12,   64],
       [ 125,   26,    0]]), array([[1561,   77],
       [ 125,   26]])]",4.211167684345353,ChiSquare,"ChiSquareResult(statistic=96.9454350436913, adjusted_pvalue=1.6389218777126726e-20, adjusted_bootstrap_pvalue=0.0, adjusted_residuals=array([[  6.37539233, -13.43964305,   2.47439624],
       [ -6.37539233,  13.43964305,  -2.47439624]]), adjusted_posthoc_pvalues=[7.889577577153841e-10, 7.889577577153841e-10])",ATGTGGGCCATCGGCCCACACGATATTAACTCTATTTTTAAAGGGAGAAAGCCCACTAAGATAGCTTGCTATCTGGGCTTTCGCGAGTCGCCCATGCGTTGCACTACTGCACGGGCTTGGCTCATCCCATCAACAAATAGTTAA,MWAIGPHDINSIFKGRKPTKIACYLGFRESPMRCTTARAWLIPSTNS,AT1G09800.1__66-210,">AT1G09800.1__66-210
MWAIGPHDINSIFKGRKPTKIACYLGFRESPMRCTTARAWLIPSTNS",KAB2058725,"hypothetical protein ES319_A11G253700v1, partial [Gossypium barbadense] >gb|KAB2058726.1| hypothetical protein ES319_A11G253800v1, partial [Gossypium barbadense] >gb|KAB2058727.1| hypothetical protein ES319_A11G253900v1, partial [Gossypium barbadense]",gb|KAB2058725.1|,"gb|KAB2058725.1| hypothetical protein ES319_A11G253700v1, partial [Gossypium barbadense] >gb|KAB2058726.1| hypothetical protein ES319_A11G253800v1, partial [Gossypium barbadense] >gb|KAB2058727.1| hypothetical protein ES319_A11G253900v1, partial [Gossypium barbadense]",70.0,6.33148e-08,54.6842,WAIGSHDIKLIFLGGKLTTVACSWGFHASPKRCTIAQAWRTPPNTS,25.0,70.0,WAIGPHDINSIFKGRKPTKIACYLGFRESPMRCTTARAWLIPSTNS,2.0,47.0,../results/wu_2024_datasets/riboss/SRR15700008_13.riboss.sig.blastp.xml
AT1G09800.1,uORF,ATG,ATG,"[66, 210]",uORF,"[0.0, 0.0, 0.0]","[398, 1517]",mORF,"[0.0, 0.0, 0.0]","[array([[1561,   12,   64],
       [ 125,   26,    0]]), array([[1561,   77],
       [ 125,   26]])]",4.211167684345353,ChiSquare,"ChiSquareResult(statistic=96.9454350436913, adjusted_pvalue=1.6389218777126726e-20, adjusted_bootstrap_pvalue=0.0, adjusted_residuals=array([[  6.37539233, -13.43964305,   2.47439624],
       [ -6.37539233,  13.43964305,  -2.47439624]]), adjusted_posthoc_pvalues=[7.889577577153841e-10, 7.889577577153841e-10])",ATGTGGGCCATCGGCCCACACGATATTAACTCTATTTTTAAAGGGAGAAAGCCCACTAAGATAGCTTGCTATCTGGGCTTTCGCGAGTCGCCCATGCGTTGCACTACTGCACGGGCTTGGCTCATCCCATCAACAAATAGTTAA,MWAIGPHDINSIFKGRKPTKIACYLGFRESPMRCTTARAWLIPSTNS,AT1G09800.1__66-210,">AT1G09800.1__66-210
MWAIGPHDINSIFKGRKPTKIACYLGFRESPMRCTTARAWLIPSTNS",KAG6726788,hypothetical protein I3842_02G097200 [Carya illinoinensis],gb|KAG6726788.1|,gb|KAG6726788.1| hypothetical protein I3842_02G097200 [Carya illinoinensis],125.0,9.42149e-08,55.4546,WPIGSHDIKLIFLGGVPITVACYWGSRASPLRCTTASAWRTPT,81.0,123.0,WAIGPHDINSIFKGRKPTKIACYLGFRESPMRCTTARAWLIPS,2.0,44.0,../results/wu_2024_datasets/riboss/SRR15700008_13.riboss.sig.blastp.xml
AT1G09800.1,uORF,ATG,ATG,"[66, 210]",uORF,"[0.0, 0.0, 0.0]","[398, 1517]",mORF,"[0.0, 0.0, 0.0]","[array([[1561,   12,   64],
       [ 125,   26,    0]]), array([[1561,   77],
       [ 125,   26]])]",4.211167684345353,ChiSquare,"ChiSquareResult(statistic=96.9454350436913, adjusted_pvalue=1.6389218777126726e-20, adjusted_bootstrap_pvalue=0.0, adjusted_residuals=array([[  6.37539233, -13.43964305,   2.47439624],
       [ -6.37539233,  13.43964305,  -2.47439624]]), adjusted_posthoc_pvalues=[7.889577577153841e-10, 7.889577577153841e-10])",ATGTGGGCCATCGGCCCACACGATATTAACTCTATTTTTAAAGGGAGAAAGCCCACTAAGATAGCTTGCTATCTGGGCTTTCGCGAGTCGCCCATGCGTTGCACTACTGCACGGGCTTGGCTCATCCCATCAACAAATAGTTAA,MWAIGPHDINSIFKGRKPTKIACYLGFRESPMRCTTARAWLIPSTNS,AT1G09800.1__66-210,">AT1G09800.1__66-210
MWAIGPHDINSIFKGRKPTKIACYLGFRESPMRCTTARAWLIPSTNS",ESQ44296,"hypothetical protein EUTSA_v10006404mg, partial [Eutrema salsugineum]",gb|ESQ44296.1|,"gb|ESQ44296.1| hypothetical protein EUTSA_v10006404mg, partial [Eutrema salsugineum]",65.0,9.83886e-08,53.9138,SLISDIKPTKVACYLGFRESPMRCTIARAWHNP,31.0,63.0,SIFKGRKPTKIACYLGFRESPMRCTTARAWLIP,11.0,43.0,../results/wu_2024_datasets/riboss/SRR15700008_13.riboss.sig.blastp.xml
AT1G09800.1,uORF,ATG,ATG,"[66, 210]",uORF,"[0.0, 0.0, 0.0]","[398, 1517]",mORF,"[0.0, 0.0, 0.0]","[array([[1561,   12,   64],
       [ 125,   26,    0]]), array([[1561,   77],
       [ 125,   26]])]",4.211167684345353,ChiSquare,"ChiSquareResult(statistic=96.9454350436913, adjusted_pvalue=1.6389218777126726e-20, adjusted_bootstrap_pvalue=0.0, adjusted_residuals=array([[  6.37539233, -13.43964305,   2.47439624],
       [ -6.37539233,  13.43964305,  -2.47439624]]), adjusted_posthoc_pvalues=[7.889577577153841e-10, 7.889577577153841e-10])",ATGTGGGCCATCGGCCCACACGATATTAACTCTATTTTTAAAGGGAGAAAGCCCACTAAGATAGCTTGCTATCTGGGCTTTCGCGAGTCGCCCATGCGTTGCACTACTGCACGGGCTTGGCTCATCCCATCAACAAATAGTTAA,MWAIGPHDINSIFKGRKPTKIACYLGFRESPMRCTTARAWLIPSTNS,AT1G09800.1__66-210,">AT1G09800.1__66-210
MWAIGPHDINSIFKGRKPTKIACYLGFRESPMRCTTARAWLIPSTNS",TYH82634,hypothetical protein ES332_D02G075200v1 [Gossypium tomentosum] >gb|TYI92442.1| hypothetical protein E1A91_D02G070900v1 [Gossypium mustelinum],gb|TYH82634.1|,gb|TYH82634.1| hypothetical protein ES332_D02G075200v1 [Gossypium tomentosum] >gb|TYI92442.1| hypothetical protein E1A91_D02G070900v1 [Gossypium mustelinum],83.0,1.48793e-07,53.9138,WAIGSHDIKFIFEGGESITIACYWGSRASPRLCTIARAWRTPPNSS,26.0,71.0,WAIGPHDINSIFKGRKPTKIACYLGFRESPMRCTTARAWLIPSTNS,2.0,47.0,../results/wu_2024_datasets/riboss/SRR15700008_13.riboss.sig.blastp.xml
AT1G09800.1,uORF,ATG,ATG,"[66, 210]",uORF,"[0.0, 0.0, 0.0]","[398, 1517]",mORF,"[0.0, 0.0, 0.0]","[array([[1561,   12,   64],
       [ 125,   26,    0]]), array([[1561,   77],
       [ 125,   26]])]",4.211167684345353,ChiSquare,"ChiSquareResult(statistic=96.9454350436913, adjusted_pvalue=1.6389218777126726e-20, adjusted_bootstrap_pvalue=0.0, adjusted_residuals=array([[  6.37539233, -13.43964305,   2.47439624],
       [ -6.37539233,  13.43964305,  -2.47439624]]), adjusted_posthoc_pvalues=[7.889577577153841e-10, 7.889577577153841e-10])",ATGTGGGCCATCGGCCCACACGATATTAACTCTATTTTTAAAGGGAGAAAGCCCACTAAGATAGCTTGCTATCTGGGCTTTCGCGAGTCGCCCATGCGTTGCACTACTGCACGGGCTTGGCTCATCCCATCAACAAATAGTTAA,MWAIGPHDINSIFKGRKPTKIACYLGFRESPMRCTTARAWLIPSTNS,AT1G09800.1__66-210,">AT1G09800.1__66-210
MWAIGPHDINSIFKGRKPTKIACYLGFRESPMRCTTARAWLIPSTNS",KAI9390807,hypothetical protein POPTR_007G002300v4 [Populus trichocarpa],gb|KAI9390807.1|,gb|KAI9390807.1| hypothetical protein POPTR_007G002300v4 [Populus trichocarpa],63.0,2.38446e-07,53.1434,MWAIGSHDIKLIFKRGGSATVACYWDPQASPLRCTTARAW,1.0,40.0,MWAIGPHDINSIFKGRKPTKIACYLGFRESPMRCTTARAW,1.0,40.0,../results/wu_2024_datasets/riboss/SRR15700008_13.riboss.sig.blastp.xml
AT1G09800.1,uORF,ATG,ATG,"[66, 210]",uORF,"[0.0, 0.0, 0.0]","[398, 1517]",mORF,"[0.0, 0.0, 0.0]","[array([[1561,   12,   64],
       [ 125,   26,    0]]), array([[1561,   77],
       [ 125,   26]])]",4.211167684345353,ChiSquare,"ChiSquareResult(statistic=96.9454350436913, adjusted_pvalue=1.6389218777126726e-20, adjusted_bootstrap_pvalue=0.0, adjusted_residuals=array([[  6.37539233, -13.43964305,   2.47439624],
       [ -6.37539233,  13.43964305,  -2.47439624]]), adjusted_posthoc_pvalues=[7.889577577153841e-10, 7.889577577153841e-10])",ATGTGGGCCATCGGCCCACACGATATTAACTCTATTTTTAAAGGGAGAAAGCCCACTAAGATAGCTTGCTATCTGGGCTTTCGCGAGTCGCCCATGCGTTGCACTACTGCACGGGCTTGGCTCATCCCATCAACAAATAGTTAA,MWAIGPHDINSIFKGRKPTKIACYLGFRESPMRCTTARAWLIPSTNS,AT1G09800.1__66-210,">AT1G09800.1__66-210
MWAIGPHDINSIFKGRKPTKIACYLGFRESPMRCTTARAWLIPSTNS",TYJ11252,"hypothetical protein E1A91_A11G263100v1, partial [Gossypium mustelinum]",gb|TYJ11252.1|,"gb|TYJ11252.1| hypothetical protein E1A91_A11G263100v1, partial [Gossypium mustelinum]",80.0,2.47588e-07,53.5286,WAIGLHNIKFIFRGVKLTTVACYWGFHALPKCCTVALGWRTPSTTS,24.0,69.0,WAIGPHDINSIFKGRKPTKIACYLGFRESPMRCTTARAWLIPSTNS,2.0,47.0,../results/wu_2024_datasets/riboss/SRR15700008_13.riboss.sig.blastp.xml
AT1G09800.1,uORF,ATG,ATG,"[66, 210]",uORF,"[0.0, 0.0, 0.0]","[398, 1517]",mORF,"[0.0, 0.0, 0.0]","[array([[1561,   12,   64],
       [ 125,   26,    0]]), array([[1561,   77],
       [ 125,   26]])]",4.211167684345353,ChiSquare,"ChiSquareResult(statistic=96.9454350436913, adjusted_pvalue=1.6389218777126726e-20, adjusted_bootstrap_pvalue=0.0, adjusted_residuals=array([[  6.37539233, -13.43964305,   2.47439624],
       [ -6.37539233,  13.43964305,  -2.47439624]]), adjusted_posthoc_pvalues=[7.889577577153841e-10, 7.889577577153841e-10])",ATGTGGGCCATCGGCCCACACGATATTAACTCTATTTTTAAAGGGAGAAAGCCCACTAAGATAGCTTGCTATCTGGGCTTTCGCGAGTCGCCCATGCGTTGCACTACTGCACGGGCTTGGCTCATCCCATCAACAAATAGTTAA,MWAIGPHDINSIFKGRKPTKIACYLGFRESPMRCTTARAWLIPSTNS,AT1G09800.1__66-210,">AT1G09800.1__66-210
MWAIGPHDINSIFKGRKPTKIACYLGFRESPMRCTTARAWLIPSTNS",CAL8991126,unnamed protein product [Prunus brigantina],emb|CAL8991126.1|,emb|CAL8991126.1| unnamed protein product [Prunus brigantina],91.0,2.80138e-07,53.5286,WANGPHDIKLISLGGGPTTVACYWGSRASPKRCTTAWAWRTP,36.0,77.0,WAIGPHDINSIFKGRKPTKIACYLGFRESPMRCTTARAWLIP,2.0,43.0,../results/wu_2024_datasets/riboss/SRR15700008_13.riboss.sig.blastp.xml
AT1G09800.1,uORF,ATG,ATG,"[66, 210]",uORF,"[0.0, 0.0, 0.0]","[398, 1517]",mORF,"[0.0, 0.0, 0.0]","[array([[1561,   12,   64],
       [ 125,   26,    0]]), array([[1561,   77],
       [ 125,   26]])]",4.211167684345353,ChiSquare,"ChiSquareResult(statistic=96.9454350436913, adjusted_pvalue=1.6389218777126726e-20, adjusted_bootstrap_pvalue=0.0, adjusted_residuals=array([[  6.37539233, -13.43964305,   2.47439624],
       [ -6.37539233,  13.43964305,  -2.47439624]]), adjusted_posthoc_pvalues=[7.889577577153841e-10, 7.889577577153841e-10])",ATGTGGGCCATCGGCCCACACGATATTAACTCTATTTTTAAAGGGAGAAAGCCCACTAAGATAGCTTGCTATCTGGGCTTTCGCGAGTCGCCCATGCGTTGCACTACTGCACGGGCTTGGCTCATCCCATCAACAAATAGTTAA,MWAIGPHDINSIFKGRKPTKIACYLGFRESPMRCTTARAWLIPSTNS,AT1G09800.1__66-210,">AT1G09800.1__66-210
MWAIGPHDINSIFKGRKPTKIACYLGFRESPMRCTTARAWLIPSTNS",KAB2040199,hypothetical protein ES319_D02G066000v1 [Gossypium barbadense] >gb|KJB27454.1| hypothetical protein B456_005G064600 [Gossypium raimondii] >gb|KJB28126.1| hypothetical protein B456_005G063700 [Gossypium raimondii] >gb|TYG78576.1| hypothetical protein ES288_D02G070500v1 [Gossypium darwinii],gb|KAB2040199.1|,gb|KAB2040199.1| hypothetical protein ES319_D02G066000v1 [Gossypium barbadense] >gb|KJB27454.1| hypothetical protein B456_005G064600 [Gossypium raimondii] >gb|KJB28126.1| hypothetical protein B456_005G063700 [Gossypium raimondii] >gb|TYG78576.1| hypothetical protein ES288_D02G070500v1 [Gossypium darwinii],83.0,3.64554e-07,53.1434,WAIGSHDIKFIFEGGESITIACYWGSRASPRLCTIARVWRTPPNSS,26.0,71.0,WAIGPHDINSIFKGRKPTKIACYLGFRESPMRCTTARAWLIPSTNS,2.0,47.0,../results/wu_2024_datasets/riboss/SRR15700008_13.riboss.sig.blastp.xml
AT1G09800.1,uORF,ATG,ATG,"[66, 210]",uORF,"[0.0, 0.0, 0.0]","[398, 1517]",mORF,"[0.0, 0.0, 0.0]","[array([[1561,   12,   64],
       [ 125,   26,    0]]), array([[1561,   77],
       [ 125,   26]])]",4.211167684345353,ChiSquare,"ChiSquareResult(statistic=96.9454350436913, adjusted_pvalue=1.6389218777126726e-20, adjusted_bootstrap_pvalue=0.0, adjusted_residuals=array([[  6.37539233, -13.43964305,   2.47439624],
       [ -6.37539233,  13.43964305,  -2.47439624]]), adjusted_posthoc_pvalues=[7.889577577153841e-10, 7.889577577153841e-10])",ATGTGGGCCATCGGCCCACACGATATTAACTCTATTTTTAAAGGGAGAAAGCCCACTAAGATAGCTTGCTATCTGGGCTTTCGCGAGTCGCCCATGCGTTGCACTACTGCACGGGCTTGGCTCATCCCATCAACAAATAGTTAA,MWAIGPHDINSIFKGRKPTKIACYLGFRESPMRCTTARAWLIPSTNS,AT1G09800.1__66-210,">AT1G09800.1__66-210
MWAIGPHDINSIFKGRKPTKIACYLGFRESPMRCTTARAWLIPSTNS",ONI30120,"hypothetical protein PRUPE_1G232200, partial [Prunus persica]",gb|ONI30120.1|,"gb|ONI30120.1| hypothetical protein PRUPE_1G232200, partial [Prunus persica]",84.0,3.772e-07,53.1434,WAIGPHDIKLISLRGGPNTVACYWGLRASPLRCTAALAW,15.0,53.0,WAIGPHDINSIFKGRKPTKIACYLGFRESPMRCTTARAW,2.0,40.0,../results/wu_2024_datasets/riboss/SRR15700008_13.riboss.sig.blastp.xml
AT1G09800.1,uORF,ATG,ATG,"[66, 210]",uORF,"[0.0, 0.0, 0.0]","[398, 1517]",mORF,"[0.0, 0.0, 0.0]","[array([[1561,   12,   64],
       [ 125,   26,    0]]), array([[1561,   77],
       [ 125,   26]])]",4.211167684345353,ChiSquare,"ChiSquareResult(statistic=96.9454350436913, adjusted_pvalue=1.6389218777126726e-20, adjusted_bootstrap_pvalue=0.0, adjusted_residuals=array([[  6.37539233, -13.43964305,   2.47439624],
       [ -6.37539233,  13.43964305,  -2.47439624]]), adjusted_posthoc_pvalues=[7.889577577153841e-10, 7.889577577153841e-10])",ATGTGGGCCATCGGCCCACACGATATTAACTCTATTTTTAAAGGGAGAAAGCCCACTAAGATAGCTTGCTATCTGGGCTTTCGCGAGTCGCCCATGCGTTGCACTACTGCACGGGCTTGGCTCATCCCATCAACAAATAGTTAA,MWAIGPHDINSIFKGRKPTKIACYLGFRESPMRCTTARAWLIPSTNS,AT1G09800.1__66-210,">AT1G09800.1__66-210
MWAIGPHDINSIFKGRKPTKIACYLGFRESPMRCTTARAWLIPSTNS",KJB28086,"hypothetical protein B456_005G063500, partial [Gossypium raimondii]",gb|KJB28086.1|,"gb|KJB28086.1| hypothetical protein B456_005G063500, partial [Gossypium raimondii]",70.0,4.70105e-07,52.373,WAIGSHDIKFIFEGGESITIACYWGSRASPRLCTIARVWRTP,26.0,67.0,WAIGPHDINSIFKGRKPTKIACYLGFRESPMRCTTARAWLIP,2.0,43.0,../results/wu_2024_datasets/riboss/SRR15700008_13.riboss.sig.blastp.xml
AT1G09800.1,uORF,ATG,ATG,"[66, 210]",uORF,"[0.0, 0.0, 0.0]","[398, 1517]",mORF,"[0.0, 0.0, 0.0]","[array([[1561,   12,   64],
       [ 125,   26,    0]]), array([[1561,   77],
       [ 125,   26]])]",4.211167684345353,ChiSquare,"ChiSquareResult(statistic=96.9454350436913, adjusted_pvalue=1.6389218777126726e-20, adjusted_bootstrap_pvalue=0.0, adjusted_residuals=array([[  6.37539233, -13.43964305,   2.47439624],
       [ -6.37539233,  13.43964305,  -2.47439624]]), adjusted_posthoc_pvalues=[7.889577577153841e-10, 7.889577577153841e-10])",ATGTGGGCCATCGGCCCACACGATATTAACTCTATTTTTAAAGGGAGAAAGCCCACTAAGATAGCTTGCTATCTGGGCTTTCGCGAGTCGCCCATGCGTTGCACTACTGCACGGGCTTGGCTCATCCCATCAACAAATAGTTAA,MWAIGPHDINSIFKGRKPTKIACYLGFRESPMRCTTARAWLIPSTNS,AT1G09800.1__66-210,">AT1G09800.1__66-210
MWAIGPHDINSIFKGRKPTKIACYLGFRESPMRCTTARAWLIPSTNS",KAF9688217,hypothetical protein SADUNF_Sadunf02G0174300 [Salix dunnii],gb|KAF9688217.1|,gb|KAF9688217.1| hypothetical protein SADUNF_Sadunf02G0174300 [Salix dunnii],161.0,4.86099e-07,54.6842,WAIGPHDIKFIFQGGRPITVACCRGLQASPERCTAVQAWRSP,90.0,131.0,WAIGPHDINSIFKGRKPTKIACYLGFRESPMRCTTARAWLIP,2.0,43.0,../results/wu_2024_datasets/riboss/SRR15700008_13.riboss.sig.blastp.xml
AT1G09800.1,uORF,ATG,ATG,"[66, 210]",uORF,"[0.0, 0.0, 0.0]","[398, 1517]",mORF,"[0.0, 0.0, 0.0]","[array([[1561,   12,   64],
       [ 125,   26,    0]]), array([[1561,   77],
       [ 125,   26]])]",4.211167684345353,ChiSquare,"ChiSquareResult(statistic=96.9454350436913, adjusted_pvalue=1.6389218777126726e-20, adjusted_bootstrap_pvalue=0.0, adjusted_residuals=array([[  6.37539233, -13.43964305,   2.47439624],
       [ -6.37539233,  13.43964305,  -2.47439624]]), adjusted_posthoc_pvalues=[7.889577577153841e-10, 7.889577577153841e-10])",ATGTGGGCCATCGGCCCACACGATATTAACTCTATTTTTAAAGGGAGAAAGCCCACTAAGATAGCTTGCTATCTGGGCTTTCGCGAGTCGCCCATGCGTTGCACTACTGCACGGGCTTGGCTCATCCCATCAACAAATAGTTAA,MWAIGPHDINSIFKGRKPTKIACYLGFRESPMRCTTARAWLIPSTNS,AT1G09800.1__66-210,">AT1G09800.1__66-210
MWAIGPHDINSIFKGRKPTKIACYLGFRESPMRCTTARAWLIPSTNS",ONI28018,hypothetical protein PRUPE_1G117400 [Prunus persica],gb|ONI28018.1|,gb|ONI28018.1| hypothetical protein PRUPE_1G117400 [Prunus persica],88.0,5.99426e-07,52.7582,WANGPHDIKLISLGGGPTTVACYWGSQASPKRCTTAWAWRTP,34.0,75.0,WAIGPHDINSIFKGRKPTKIACYLGFRESPMRCTTARAWLIP,2.0,43.0,../results/wu_2024_datasets/riboss/SRR15700008_13.riboss.sig.blastp.xml
AT1G09800.1,uORF,ATG,ATG,"[66, 210]",uORF,"[0.0, 0.0, 0.0]","[398, 1517]",mORF,"[0.0, 0.0, 0.0]","[array([[1561,   12,   64],
       [ 125,   26,    0]]), array([[1561,   77],
       [ 125,   26]])]",4.211167684345353,ChiSquare,"ChiSquareResult(statistic=96.9454350436913, adjusted_pvalue=1.6389218777126726e-20, adjusted_bootstrap_pvalue=0.0, adjusted_residuals=array([[  6.37539233, -13.43964305,   2.47439624],
       [ -6.37539233,  13.43964305,  -2.47439624]]), adjusted_posthoc_pvalues=[7.889577577153841e-10, 7.889577577153841e-10])",ATGTGGGCCATCGGCCCACACGATATTAACTCTATTTTTAAAGGGAGAAAGCCCACTAAGATAGCTTGCTATCTGGGCTTTCGCGAGTCGCCCATGCGTTGCACTACTGCACGGGCTTGGCTCATCCCATCAACAAATAGTTAA,MWAIGPHDINSIFKGRKPTKIACYLGFRESPMRCTTARAWLIPSTNS,AT1G09800.1__66-210,">AT1G09800.1__66-210
MWAIGPHDINSIFKGRKPTKIACYLGFRESPMRCTTARAWLIPSTNS",ONI24148,hypothetical protein PRUPE_2G226800 [Prunus persica],gb|ONI24148.1|,gb|ONI24148.1| hypothetical protein PRUPE_2G226800 [Prunus persica],86.0,6.24868e-07,52.7582,WANGPHDIKLISLGGGPTTVACYWGSRASPKRCTIAWAWRTP,41.0,82.0,WAIGPHDINSIFKGRKPTKIACYLGFRESPMRCTTARAWLIP,2.0,43.0,../results/wu_2024_datasets/riboss/SRR15700008_13.riboss.sig.blastp.xml
AT1G09800.1,uORF,ATG,ATG,"[66, 210]",uORF,"[0.0, 0.0, 0.0]","[398, 1517]",mORF,"[0.0, 0.0, 0.0]","[array([[1561,   12,   64],
       [ 125,   26,    0]]), array([[1561,   77],
       [ 125,   26]])]",4.211167684345353,ChiSquare,"ChiSquareResult(statistic=96.9454350436913, adjusted_pvalue=1.6389218777126726e-20, adjusted_bootstrap_pvalue=0.0, adjusted_residuals=array([[  6.37539233, -13.43964305,   2.47439624],
       [ -6.37539233,  13.43964305,  -2.47439624]]), adjusted_posthoc_pvalues=[7.889577577153841e-10, 7.889577577153841e-10])",ATGTGGGCCATCGGCCCACACGATATTAACTCTATTTTTAAAGGGAGAAAGCCCACTAAGATAGCTTGCTATCTGGGCTTTCGCGAGTCGCCCATGCGTTGCACTACTGCACGGGCTTGGCTCATCCCATCAACAAATAGTTAA,MWAIGPHDINSIFKGRKPTKIACYLGFRESPMRCTTARAWLIPSTNS,AT1G09800.1__66-210,">AT1G09800.1__66-210
MWAIGPHDINSIFKGRKPTKIACYLGFRESPMRCTTARAWLIPSTNS",KAG8663230,"hypothetical protein MANES_01G190050v8, partial [Manihot esculenta]",gb|KAG8663230.1|,"gb|KAG8663230.1| hypothetical protein MANES_01G190050v8, partial [Manihot esculenta]",80.0,8.33267e-07,51.9878,WAISPHDIKFIFLWGGPNTVASYWGPRSSPMRCTVARAW,34.0,72.0,WAIGPHDINSIFKGRKPTKIACYLGFRESPMRCTTARAW,2.0,40.0,../results/wu_2024_datasets/riboss/SRR15700008_13.riboss.sig.blastp.xml
AT1G09800.1,uORF,ATG,ATG,"[66, 210]",uORF,"[0.0, 0.0, 0.0]","[398, 1517]",mORF,"[0.0, 0.0, 0.0]","[array([[1561,   12,   64],
       [ 125,   26,    0]]), array([[1561,   77],
       [ 125,   26]])]",4.211167684345353,ChiSquare,"ChiSquareResult(statistic=96.9454350436913, adjusted_pvalue=1.6389218777126726e-20, adjusted_bootstrap_pvalue=0.0, adjusted_residuals=array([[  6.37539233, -13.43964305,   2.47439624],
       [ -6.37539233,  13.43964305,  -2.47439624]]), adjusted_posthoc_pvalues=[7.889577577153841e-10, 7.889577577153841e-10])",ATGTGGGCCATCGGCCCACACGATATTAACTCTATTTTTAAAGGGAGAAAGCCCACTAAGATAGCTTGCTATCTGGGCTTTCGCGAGTCGCCCATGCGTTGCACTACTGCACGGGCTTGGCTCATCCCATCAACAAATAGTTAA,MWAIGPHDINSIFKGRKPTKIACYLGFRESPMRCTTARAWLIPSTNS,AT1G09800.1__66-210,">AT1G09800.1__66-210
MWAIGPHDINSIFKGRKPTKIACYLGFRESPMRCTTARAWLIPSTNS",KJB44688,"hypothetical protein B456_007G266800, partial [Gossypium raimondii]",gb|KJB44688.1|,"gb|KJB44688.1| hypothetical protein B456_007G266800, partial [Gossypium raimondii]",81.0,8.81177e-07,51.9878,WAIGLYDIKFIFRGAKFTIVACYWSFHASPKCCTIALAWRTPTTTS,25.0,70.0,WAIGPHDINSIFKGRKPTKIACYLGFRESPMRCTTARAWLIPSTNS,2.0,47.0,../results/wu_2024_datasets/riboss/SRR15700008_13.riboss.sig.blastp.xml
AT1G09800.1,uORF,ATG,ATG,"[66, 210]",uORF,"[0.0, 0.0, 0.0]","[398, 1517]",mORF,"[0.0, 0.0, 0.0]","[array([[1561,   12,   64],
       [ 125,   26,    0]]), array([[1561,   77],
       [ 125,   26]])]",4.211167684345353,ChiSquare,"ChiSquareResult(statistic=96.9454350436913, adjusted_pvalue=1.6389218777126726e-20, adjusted_bootstrap_pvalue=0.0, adjusted_residuals=array([[  6.37539233, -13.43964305,   2.47439624],
       [ -6.37539233,  13.43964305,  -2.47439624]]), adjusted_posthoc_pvalues=[7.889577577153841e-10, 7.889577577153841e-10])",ATGTGGGCCATCGGCCCACACGATATTAACTCTATTTTTAAAGGGAGAAAGCCCACTAAGATAGCTTGCTATCTGGGCTTTCGCGAGTCGCCCATGCGTTGCACTACTGCACGGGCTTGGCTCATCCCATCAACAAATAGTTAA,MWAIGPHDINSIFKGRKPTKIACYLGFRESPMRCTTARAWLIPSTNS,AT1G09800.1__66-210,">AT1G09800.1__66-210
MWAIGPHDINSIFKGRKPTKIACYLGFRESPMRCTTARAWLIPSTNS",TYG95551,"hypothetical protein ES288_A11G276800v1, partial [Gossypium darwinii]",gb|TYG95551.1|,"gb|TYG95551.1| hypothetical protein ES288_A11G276800v1, partial [Gossypium darwinii]",70.0,1.0926e-06,51.6026,WAIGSHDIKLNFLGGKLTTVACSWGFHASPKRCTIAQAWRTPPITS,25.0,70.0,WAIGPHDINSIFKGRKPTKIACYLGFRESPMRCTTARAWLIPSTNS,2.0,47.0,../results/wu_2024_datasets/riboss/SRR15700008_13.riboss.sig.blastp.xml
AT1G09800.1,uORF,ATG,ATG,"[66, 210]",uORF,"[0.0, 0.0, 0.0]","[398, 1517]",mORF,"[0.0, 0.0, 0.0]","[array([[1561,   12,   64],
       [ 125,   26,    0]]), array([[1561,   77],
       [ 125,   26]])]",4.211167684345353,ChiSquare,"ChiSquareResult(statistic=96.9454350436913, adjusted_pvalue=1.6389218777126726e-20, adjusted_bootstrap_pvalue=0.0, adjusted_residuals=array([[  6.37539233, -13.43964305,   2.47439624],
       [ -6.37539233,  13.43964305,  -2.47439624]]), adjusted_posthoc_pvalues=[7.889577577153841e-10, 7.889577577153841e-10])",ATGTGGGCCATCGGCCCACACGATATTAACTCTATTTTTAAAGGGAGAAAGCCCACTAAGATAGCTTGCTATCTGGGCTTTCGCGAGTCGCCCATGCGTTGCACTACTGCACGGGCTTGGCTCATCCCATCAACAAATAGTTAA,MWAIGPHDINSIFKGRKPTKIACYLGFRESPMRCTTARAWLIPSTNS,AT1G09800.1__66-210,">AT1G09800.1__66-210
MWAIGPHDINSIFKGRKPTKIACYLGFRESPMRCTTARAWLIPSTNS",CAL9011248,"unnamed protein product, partial [Prunus brigantina]",emb|CAL9011248.1|,"emb|CAL9011248.1| unnamed protein product, partial [Prunus brigantina]",66.0,1.21267e-06,51.2174,WANGPHDIKLISLGRGPTMVACYWGSRASPKCCTIAWAWRTP,15.0,56.0,WAIGPHDINSIFKGRKPTKIACYLGFRESPMRCTTARAWLIP,2.0,43.0,../results/wu_2024_datasets/riboss/SRR15700008_13.riboss.sig.blastp.xml
AT1G09800.1,uORF,ATG,ATG,"[66, 210]",uORF,"[0.0, 0.0, 0.0]","[398, 1517]",mORF,"[0.0, 0.0, 0.0]","[array([[1561,   12,   64],
       [ 125,   26,    0]]), array([[1561,   77],
       [ 125,   26]])]",4.211167684345353,ChiSquare,"ChiSquareResult(statistic=96.9454350436913, adjusted_pvalue=1.6389218777126726e-20, adjusted_bootstrap_pvalue=0.0, adjusted_residuals=array([[  6.37539233, -13.43964305,   2.47439624],
       [ -6.37539233,  13.43964305,  -2.47439624]]), adjusted_posthoc_pvalues=[7.889577577153841e-10, 7.889577577153841e-10])",ATGTGGGCCATCGGCCCACACGATATTAACTCTATTTTTAAAGGGAGAAAGCCCACTAAGATAGCTTGCTATCTGGGCTTTCGCGAGTCGCCCATGCGTTGCACTACTGCACGGGCTTGGCTCATCCCATCAACAAATAGTTAA,MWAIGPHDINSIFKGRKPTKIACYLGFRESPMRCTTARAWLIPSTNS,AT1G09800.1__66-210,">AT1G09800.1__66-210
MWAIGPHDINSIFKGRKPTKIACYLGFRESPMRCTTARAWLIPSTNS",CAL9007950,unnamed protein product [Prunus brigantina],emb|CAL9007950.1|,emb|CAL9007950.1| unnamed protein product [Prunus brigantina],87.0,1.29962e-06,51.9878,WANGPHDIKLISLGGGPTTVACYWGPRASPKRCTIAWAWRTP,42.0,83.0,WAIGPHDINSIFKGRKPTKIACYLGFRESPMRCTTARAWLIP,2.0,43.0,../results/wu_2024_datasets/riboss/SRR15700008_13.riboss.sig.blastp.xml
AT1G09800.1,uORF,ATG,ATG,"[66, 210]",uORF,"[0.0, 0.0, 0.0]","[398, 1517]",mORF,"[0.0, 0.0, 0.0]","[array([[1561,   12,   64],
       [ 125,   26,    0]]), array([[1561,   77],
       [ 125,   26]])]",4.211167684345353,ChiSquare,"ChiSquareResult(statistic=96.9454350436913, adjusted_pvalue=1.6389218777126726e-20, adjusted_bootstrap_pvalue=0.0, adjusted_residuals=array([[  6.37539233, -13.43964305,   2.47439624],
       [ -6.37539233,  13.43964305,  -2.47439624]]), adjusted_posthoc_pvalues=[7.889577577153841e-10, 7.889577577153841e-10])",ATGTGGGCCATCGGCCCACACGATATTAACTCTATTTTTAAAGGGAGAAAGCCCACTAAGATAGCTTGCTATCTGGGCTTTCGCGAGTCGCCCATGCGTTGCACTACTGCACGGGCTTGGCTCATCCCATCAACAAATAGTTAA,MWAIGPHDINSIFKGRKPTKIACYLGFRESPMRCTTARAWLIPSTNS,AT1G09800.1__66-210,">AT1G09800.1__66-210
MWAIGPHDINSIFKGRKPTKIACYLGFRESPMRCTTARAWLIPSTNS",KAG7991337,hypothetical protein I3843_02G069700 [Carya illinoinensis],gb|KAG7991337.1|,gb|KAG7991337.1| hypothetical protein I3843_02G069700 [Carya illinoinensis],116.0,1.3492e-06,52.373,WPIGSHDIKLIFQGGRPITVACCWDLRASPMRCTSARARRTPS,59.0,101.0,WAIGPHDINSIFKGRKPTKIACYLGFRESPMRCTTARAWLIPS,2.0,44.0,../results/wu_2024_datasets/riboss/SRR15700008_13.riboss.sig.blastp.xml
AT1G09800.1,uORF,ATG,ATG,"[66, 210]",uORF,"[0.0, 0.0, 0.0]","[398, 1517]",mORF,"[0.0, 0.0, 0.0]","[array([[1561,   12,   64],
       [ 125,   26,    0]]), array([[1561,   77],
       [ 125,   26]])]",4.211167684345353,ChiSquare,"ChiSquareResult(statistic=96.9454350436913, adjusted_pvalue=1.6389218777126726e-20, adjusted_bootstrap_pvalue=0.0, adjusted_residuals=array([[  6.37539233, -13.43964305,   2.47439624],
       [ -6.37539233,  13.43964305,  -2.47439624]]), adjusted_posthoc_pvalues=[7.889577577153841e-10, 7.889577577153841e-10])",ATGTGGGCCATCGGCCCACACGATATTAACTCTATTTTTAAAGGGAGAAAGCCCACTAAGATAGCTTGCTATCTGGGCTTTCGCGAGTCGCCCATGCGTTGCACTACTGCACGGGCTTGGCTCATCCCATCAACAAATAGTTAA,MWAIGPHDINSIFKGRKPTKIACYLGFRESPMRCTTARAWLIPSTNS,AT1G09800.1__66-210,">AT1G09800.1__66-210
MWAIGPHDINSIFKGRKPTKIACYLGFRESPMRCTTARAWLIPSTNS",KAG2721469,hypothetical protein I3760_02G083400 [Carya illinoinensis] >gb|KAG6617952.1| hypothetical protein I3842_Q139800 [Carya illinoinensis],gb|KAG2721469.1|,gb|KAG2721469.1| hypothetical protein I3760_02G083400 [Carya illinoinensis] >gb|KAG6617952.1| hypothetical protein I3842_Q139800 [Carya illinoinensis],116.0,1.40885e-06,52.373,WPIGSHDIKLIFQGGRPITVACCWDLRASPMRCTSARARRTPS,59.0,101.0,WAIGPHDINSIFKGRKPTKIACYLGFRESPMRCTTARAWLIPS,2.0,44.0,../results/wu_2024_datasets/riboss/SRR15700008_13.riboss.sig.blastp.xml
AT1G09800.1,uORF,ATG,ATG,"[66, 210]",uORF,"[0.0, 0.0, 0.0]","[398, 1517]",mORF,"[0.0, 0.0, 0.0]","[array([[1561,   12,   64],
       [ 125,   26,    0]]), array([[1561,   77],
       [ 125,   26]])]",4.211167684345353,ChiSquare,"ChiSquareResult(statistic=96.9454350436913, adjusted_pvalue=1.6389218777126726e-20, adjusted_bootstrap_pvalue=0.0, adjusted_residuals=array([[  6.37539233, -13.43964305,   2.47439624],
       [ -6.37539233,  13.43964305,  -2.47439624]]), adjusted_posthoc_pvalues=[7.889577577153841e-10, 7.889577577153841e-10])",ATGTGGGCCATCGGCCCACACGATATTAACTCTATTTTTAAAGGGAGAAAGCCCACTAAGATAGCTTGCTATCTGGGCTTTCGCGAGTCGCCCATGCGTTGCACTACTGCACGGGCTTGGCTCATCCCATCAACAAATAGTTAA,MWAIGPHDINSIFKGRKPTKIACYLGFRESPMRCTTARAWLIPSTNS,AT1G09800.1__66-210,">AT1G09800.1__66-210
MWAIGPHDINSIFKGRKPTKIACYLGFRESPMRCTTARAWLIPSTNS",KAL1074212,hypothetical protein V6Z11_D11G274600 [Gossypium hirsutum],gb|KAL1074212.1|,gb|KAL1074212.1| hypothetical protein V6Z11_D11G274600 [Gossypium hirsutum],86.0,1.52944e-06,51.6026,WAIGSHDIKFIFLGGMPTTVACYWGSRASPTRCTIA,34.0,69.0,WAIGPHDINSIFKGRKPTKIACYLGFRESPMRCTTA,2.0,37.0,../results/wu_2024_datasets/riboss/SRR15700008_13.riboss.sig.blastp.xml
AT1G09800.1,uORF,ATG,ATG,"[66, 210]",uORF,"[0.0, 0.0, 0.0]","[398, 1517]",mORF,"[0.0, 0.0, 0.0]","[array([[1561,   12,   64],
       [ 125,   26,    0]]), array([[1561,   77],
       [ 125,   26]])]",4.211167684345353,ChiSquare,"ChiSquareResult(statistic=96.9454350436913, adjusted_pvalue=1.6389218777126726e-20, adjusted_bootstrap_pvalue=0.0, adjusted_residuals=array([[  6.37539233, -13.43964305,   2.47439624],
       [ -6.37539233,  13.43964305,  -2.47439624]]), adjusted_posthoc_pvalues=[7.889577577153841e-10, 7.889577577153841e-10])",ATGTGGGCCATCGGCCCACACGATATTAACTCTATTTTTAAAGGGAGAAAGCCCACTAAGATAGCTTGCTATCTGGGCTTTCGCGAGTCGCCCATGCGTTGCACTACTGCACGGGCTTGGCTCATCCCATCAACAAATAGTTAA,MWAIGPHDINSIFKGRKPTKIACYLGFRESPMRCTTARAWLIPSTNS,AT1G09800.1__66-210,">AT1G09800.1__66-210
MWAIGPHDINSIFKGRKPTKIACYLGFRESPMRCTTARAWLIPSTNS",OAY36772,hypothetical protein MANES_11G047175v8 [Manihot esculenta],gb|OAY36772.1|,gb|OAY36772.1| hypothetical protein MANES_11G047175v8 [Manihot esculenta],103.0,1.79031e-06,51.9878,WAIGSHDIKLIFLWGEHVTVACYWGSWASPMRCTVAWAWRTPTNSS,45.0,90.0,WAIGPHDINSIFKGRKPTKIACYLGFRESPMRCTTARAWLIPSTNS,2.0,47.0,../results/wu_2024_datasets/riboss/SRR15700008_13.riboss.sig.blastp.xml
AT1G09800.1,uORF,ATG,ATG,"[66, 210]",uORF,"[0.0, 0.0, 0.0]","[398, 1517]",mORF,"[0.0, 0.0, 0.0]","[array([[1561,   12,   64],
       [ 125,   26,    0]]), array([[1561,   77],
       [ 125,   26]])]",4.211167684345353,ChiSquare,"ChiSquareResult(statistic=96.9454350436913, adjusted_pvalue=1.6389218777126726e-20, adjusted_bootstrap_pvalue=0.0, adjusted_residuals=array([[  6.37539233, -13.43964305,   2.47439624],
       [ -6.37539233,  13.43964305,  -2.47439624]]), adjusted_posthoc_pvalues=[7.889577577153841e-10, 7.889577577153841e-10])",ATGTGGGCCATCGGCCCACACGATATTAACTCTATTTTTAAAGGGAGAAAGCCCACTAAGATAGCTTGCTATCTGGGCTTTCGCGAGTCGCCCATGCGTTGCACTACTGCACGGGCTTGGCTCATCCCATCAACAAATAGTTAA,MWAIGPHDINSIFKGRKPTKIACYLGFRESPMRCTTARAWLIPSTNS,AT1G09800.1__66-210,">AT1G09800.1__66-210
MWAIGPHDINSIFKGRKPTKIACYLGFRESPMRCTTARAWLIPSTNS",KAL1111579,hypothetical protein V6Z11_D02G069700 [Gossypium hirsutum],gb|KAL1111579.1|,gb|KAL1111579.1| hypothetical protein V6Z11_D02G069700 [Gossypium hirsutum],83.0,2.72062e-06,50.8322,WAIGSHDIKFIFEGGESITIACYWVSRASPRLCTIARAWRTPPNSS,26.0,71.0,WAIGPHDINSIFKGRKPTKIACYLGFRESPMRCTTARAWLIPSTNS,2.0,47.0,../results/wu_2024_datasets/riboss/SRR15700008_13.riboss.sig.blastp.xml
AT1G09800.1,uORF,ATG,ATG,"[66, 210]",uORF,"[0.0, 0.0, 0.0]","[398, 1517]",mORF,"[0.0, 0.0, 0.0]","[array([[1561,   12,   64],
       [ 125,   26,    0]]), array([[1561,   77],
       [ 125,   26]])]",4.211167684345353,ChiSquare,"ChiSquareResult(statistic=96.9454350436913, adjusted_pvalue=1.6389218777126726e-20, adjusted_bootstrap_pvalue=0.0, adjusted_residuals=array([[  6.37539233, -13.43964305,   2.47439624],
       [ -6.37539233,  13.43964305,  -2.47439624]]), adjusted_posthoc_pvalues=[7.889577577153841e-10, 7.889577577153841e-10])",ATGTGGGCCATCGGCCCACACGATATTAACTCTATTTTTAAAGGGAGAAAGCCCACTAAGATAGCTTGCTATCTGGGCTTTCGCGAGTCGCCCATGCGTTGCACTACTGCACGGGCTTGGCTCATCCCATCAACAAATAGTTAA,MWAIGPHDINSIFKGRKPTKIACYLGFRESPMRCTTARAWLIPSTNS,AT1G09800.1__66-210,">AT1G09800.1__66-210
MWAIGPHDINSIFKGRKPTKIACYLGFRESPMRCTTARAWLIPSTNS",KAB2058728,"hypothetical protein ES319_A11G254000v1, partial [Gossypium barbadense]",gb|KAB2058728.1|,"gb|KAB2058728.1| hypothetical protein ES319_A11G254000v1, partial [Gossypium barbadense]",68.0,3.11894e-06,50.447,WAIGSHDVKLIFLGGKLTTVACSWGFHASPKRCTIAQARRTPLYN,15.0,59.0,WAIGPHDINSIFKGRKPTKIACYLGFRESPMRCTTARAWLIPSTN,2.0,46.0,../results/wu_2024_datasets/riboss/SRR15700008_13.riboss.sig.blastp.xml
AT1G09800.1,uORF,ATG,ATG,"[66, 210]",uORF,"[0.0, 0.0, 0.0]","[398, 1517]",mORF,"[0.0, 0.0, 0.0]","[array([[1561,   12,   64],
       [ 125,   26,    0]]), array([[1561,   77],
       [ 125,   26]])]",4.211167684345353,ChiSquare,"ChiSquareResult(statistic=96.9454350436913, adjusted_pvalue=1.6389218777126726e-20, adjusted_bootstrap_pvalue=0.0, adjusted_residuals=array([[  6.37539233, -13.43964305,   2.47439624],
       [ -6.37539233,  13.43964305,  -2.47439624]]), adjusted_posthoc_pvalues=[7.889577577153841e-10, 7.889577577153841e-10])",ATGTGGGCCATCGGCCCACACGATATTAACTCTATTTTTAAAGGGAGAAAGCCCACTAAGATAGCTTGCTATCTGGGCTTTCGCGAGTCGCCCATGCGTTGCACTACTGCACGGGCTTGGCTCATCCCATCAACAAATAGTTAA,MWAIGPHDINSIFKGRKPTKIACYLGFRESPMRCTTARAWLIPSTNS,AT1G09800.1__66-210,">AT1G09800.1__66-210
MWAIGPHDINSIFKGRKPTKIACYLGFRESPMRCTTARAWLIPSTNS",KAL1111578,hypothetical protein V6Z11_D02G069700 [Gossypium hirsutum],gb|KAL1111578.1|,gb|KAL1111578.1| hypothetical protein V6Z11_D02G069700 [Gossypium hirsutum],90.0,3.25491e-06,50.8322,WAIGSHDIKFIFEGGESITIACYWVSRASPRLCTIARAWRTPPNSS,26.0,71.0,WAIGPHDINSIFKGRKPTKIACYLGFRESPMRCTTARAWLIPSTNS,2.0,47.0,../results/wu_2024_datasets/riboss/SRR15700008_13.riboss.sig.blastp.xml
AT1G09800.1,uORF,ATG,ATG,"[66, 210]",uORF,"[0.0, 0.0, 0.0]","[398, 1517]",mORF,"[0.0, 0.0, 0.0]","[array([[1561,   12,   64],
       [ 125,   26,    0]]), array([[1561,   77],
       [ 125,   26]])]",4.211167684345353,ChiSquare,"ChiSquareResult(statistic=96.9454350436913, adjusted_pvalue=1.6389218777126726e-20, adjusted_bootstrap_pvalue=0.0, adjusted_residuals=array([[  6.37539233, -13.43964305,   2.47439624],
       [ -6.37539233,  13.43964305,  -2.47439624]]), adjusted_posthoc_pvalues=[7.889577577153841e-10, 7.889577577153841e-10])",ATGTGGGCCATCGGCCCACACGATATTAACTCTATTTTTAAAGGGAGAAAGCCCACTAAGATAGCTTGCTATCTGGGCTTTCGCGAGTCGCCCATGCGTTGCACTACTGCACGGGCTTGGCTCATCCCATCAACAAATAGTTAA,MWAIGPHDINSIFKGRKPTKIACYLGFRESPMRCTTARAWLIPSTNS,AT1G09800.1__66-210,">AT1G09800.1__66-210
MWAIGPHDINSIFKGRKPTKIACYLGFRESPMRCTTARAWLIPSTNS",KAG4157351,"hypothetical protein ERO13_D02G057375v2, partial [Gossypium hirsutum]",gb|KAG4157351.1|,"gb|KAG4157351.1| hypothetical protein ERO13_D02G057375v2, partial [Gossypium hirsutum]",89.0,3.51136e-06,50.8322,WAIGSHDIKFIFEGGESITIACYWVSRASPRLCTIARAWRTPPNSS,25.0,70.0,WAIGPHDINSIFKGRKPTKIACYLGFRESPMRCTTARAWLIPSTNS,2.0,47.0,../results/wu_2024_datasets/riboss/SRR15700008_13.riboss.sig.blastp.xml
AT1G09800.1,uORF,ATG,ATG,"[66, 210]",uORF,"[0.0, 0.0, 0.0]","[398, 1517]",mORF,"[0.0, 0.0, 0.0]","[array([[1561,   12,   64],
       [ 125,   26,    0]]), array([[1561,   77],
       [ 125,   26]])]",4.211167684345353,ChiSquare,"ChiSquareResult(statistic=96.9454350436913, adjusted_pvalue=1.6389218777126726e-20, adjusted_bootstrap_pvalue=0.0, adjusted_residuals=array([[  6.37539233, -13.43964305,   2.47439624],
       [ -6.37539233,  13.43964305,  -2.47439624]]), adjusted_posthoc_pvalues=[7.889577577153841e-10, 7.889577577153841e-10])",ATGTGGGCCATCGGCCCACACGATATTAACTCTATTTTTAAAGGGAGAAAGCCCACTAAGATAGCTTGCTATCTGGGCTTTCGCGAGTCGCCCATGCGTTGCACTACTGCACGGGCTTGGCTCATCCCATCAACAAATAGTTAA,MWAIGPHDINSIFKGRKPTKIACYLGFRESPMRCTTARAWLIPSTNS,AT1G09800.1__66-210,">AT1G09800.1__66-210
MWAIGPHDINSIFKGRKPTKIACYLGFRESPMRCTTARAWLIPSTNS",CAL9011234,"unnamed protein product, partial [Prunus brigantina]",emb|CAL9011234.1|,"emb|CAL9011234.1| unnamed protein product, partial [Prunus brigantina]",62.0,4.03152e-06,50.0618,WANGPHDIKLISLGGGPTTVACYRGSQASPKCCTTAWAWRTP,15.0,56.0,WAIGPHDINSIFKGRKPTKIACYLGFRESPMRCTTARAWLIP,2.0,43.0,../results/wu_2024_datasets/riboss/SRR15700008_13.riboss.sig.blastp.xml
AT1G09800.1,uORF,ATG,ATG,"[66, 210]",uORF,"[0.0, 0.0, 0.0]","[398, 1517]",mORF,"[0.0, 0.0, 0.0]","[array([[1561,   12,   64],
       [ 125,   26,    0]]), array([[1561,   77],
       [ 125,   26]])]",4.211167684345353,ChiSquare,"ChiSquareResult(statistic=96.9454350436913, adjusted_pvalue=1.6389218777126726e-20, adjusted_bootstrap_pvalue=0.0, adjusted_residuals=array([[  6.37539233, -13.43964305,   2.47439624],
       [ -6.37539233,  13.43964305,  -2.47439624]]), adjusted_posthoc_pvalues=[7.889577577153841e-10, 7.889577577153841e-10])",ATGTGGGCCATCGGCCCACACGATATTAACTCTATTTTTAAAGGGAGAAAGCCCACTAAGATAGCTTGCTATCTGGGCTTTCGCGAGTCGCCCATGCGTTGCACTACTGCACGGGCTTGGCTCATCCCATCAACAAATAGTTAA,MWAIGPHDINSIFKGRKPTKIACYLGFRESPMRCTTARAWLIPSTNS,AT1G09800.1__66-210,">AT1G09800.1__66-210
MWAIGPHDINSIFKGRKPTKIACYLGFRESPMRCTTARAWLIPSTNS",EYU43774,"hypothetical protein MIMGU_mgv1a019877mg, partial [Erythranthe guttata]",gb|EYU43774.1|,"gb|EYU43774.1| hypothetical protein MIMGU_mgv1a019877mg, partial [Erythranthe guttata]",69.0,4.78627e-06,50.0618,MRVIGSHDIKFISFGRRPVMAACWLDPQASPMRCTIARAWRTP,16.0,58.0,MWAIGPHDINSIFKGRKPTKIACYLGFRESPMRCTTARAWLIP,1.0,43.0,../results/wu_2024_datasets/riboss/SRR15700008_13.riboss.sig.blastp.xml
AT1G09800.1,uORF,ATG,ATG,"[66, 210]",uORF,"[0.0, 0.0, 0.0]","[398, 1517]",mORF,"[0.0, 0.0, 0.0]","[array([[1561,   12,   64],
       [ 125,   26,    0]]), array([[1561,   77],
       [ 125,   26]])]",4.211167684345353,ChiSquare,"ChiSquareResult(statistic=96.9454350436913, adjusted_pvalue=1.6389218777126726e-20, adjusted_bootstrap_pvalue=0.0, adjusted_residuals=array([[  6.37539233, -13.43964305,   2.47439624],
       [ -6.37539233,  13.43964305,  -2.47439624]]), adjusted_posthoc_pvalues=[7.889577577153841e-10, 7.889577577153841e-10])",ATGTGGGCCATCGGCCCACACGATATTAACTCTATTTTTAAAGGGAGAAAGCCCACTAAGATAGCTTGCTATCTGGGCTTTCGCGAGTCGCCCATGCGTTGCACTACTGCACGGGCTTGGCTCATCCCATCAACAAATAGTTAA,MWAIGPHDINSIFKGRKPTKIACYLGFRESPMRCTTARAWLIPSTNS,AT1G09800.1__66-210,">AT1G09800.1__66-210
MWAIGPHDINSIFKGRKPTKIACYLGFRESPMRCTTARAWLIPSTNS",KAI9394529,hypothetical protein POPTR_005G106800v4 [Populus trichocarpa],gb|KAI9394529.1|,gb|KAI9394529.1| hypothetical protein POPTR_005G106800v4 [Populus trichocarpa],85.0,5.24535e-06,50.0618,WANGSHDIKFIFLGGGSITVACYWGSRASPLRCTIALAWRSPPT,32.0,75.0,WAIGPHDINSIFKGRKPTKIACYLGFRESPMRCTTARAWLIPST,2.0,45.0,../results/wu_2024_datasets/riboss/SRR15700008_13.riboss.sig.blastp.xml
AT1G09800.1,uORF,ATG,ATG,"[66, 210]",uORF,"[0.0, 0.0, 0.0]","[398, 1517]",mORF,"[0.0, 0.0, 0.0]","[array([[1561,   12,   64],
       [ 125,   26,    0]]), array([[1561,   77],
       [ 125,   26]])]",4.211167684345353,ChiSquare,"ChiSquareResult(statistic=96.9454350436913, adjusted_pvalue=1.6389218777126726e-20, adjusted_bootstrap_pvalue=0.0, adjusted_residuals=array([[  6.37539233, -13.43964305,   2.47439624],
       [ -6.37539233,  13.43964305,  -2.47439624]]), adjusted_posthoc_pvalues=[7.889577577153841e-10, 7.889577577153841e-10])",ATGTGGGCCATCGGCCCACACGATATTAACTCTATTTTTAAAGGGAGAAAGCCCACTAAGATAGCTTGCTATCTGGGCTTTCGCGAGTCGCCCATGCGTTGCACTACTGCACGGGCTTGGCTCATCCCATCAACAAATAGTTAA,MWAIGPHDINSIFKGRKPTKIACYLGFRESPMRCTTARAWLIPSTNS,AT1G09800.1__66-210,">AT1G09800.1__66-210
MWAIGPHDINSIFKGRKPTKIACYLGFRESPMRCTTARAWLIPSTNS",KAI9394531,hypothetical protein POPTR_005G107066v4 [Populus trichocarpa],gb|KAI9394531.1|,gb|KAI9394531.1| hypothetical protein POPTR_005G107066v4 [Populus trichocarpa],99.0,5.92444e-06,50.447,WANGSHDIKFIFLGGGSITVACYWGSRASPLRCTIALAWRSPPT,46.0,89.0,WAIGPHDINSIFKGRKPTKIACYLGFRESPMRCTTARAWLIPST,2.0,45.0,../results/wu_2024_datasets/riboss/SRR15700008_13.riboss.sig.blastp.xml
AT1G09800.1,uORF,ATG,ATG,"[66, 210]",uORF,"[0.0, 0.0, 0.0]","[398, 1517]",mORF,"[0.0, 0.0, 0.0]","[array([[1561,   12,   64],
       [ 125,   26,    0]]), array([[1561,   77],
       [ 125,   26]])]",4.211167684345353,ChiSquare,"ChiSquareResult(statistic=96.9454350436913, adjusted_pvalue=1.6389218777126726e-20, adjusted_bootstrap_pvalue=0.0, adjusted_residuals=array([[  6.37539233, -13.43964305,   2.47439624],
       [ -6.37539233,  13.43964305,  -2.47439624]]), adjusted_posthoc_pvalues=[7.889577577153841e-10, 7.889577577153841e-10])",ATGTGGGCCATCGGCCCACACGATATTAACTCTATTTTTAAAGGGAGAAAGCCCACTAAGATAGCTTGCTATCTGGGCTTTCGCGAGTCGCCCATGCGTTGCACTACTGCACGGGCTTGGCTCATCCCATCAACAAATAGTTAA,MWAIGPHDINSIFKGRKPTKIACYLGFRESPMRCTTARAWLIPSTNS,AT1G09800.1__66-210,">AT1G09800.1__66-210
MWAIGPHDINSIFKGRKPTKIACYLGFRESPMRCTTARAWLIPSTNS",KAI9394530,hypothetical protein POPTR_005G106933v4 [Populus trichocarpa],gb|KAI9394530.1|,gb|KAI9394530.1| hypothetical protein POPTR_005G106933v4 [Populus trichocarpa],94.0,6.1945e-06,50.447,WANGSHDIKFIFLGGGSITVACYWGCRSSPLRCTKAMAWRTPPT,41.0,84.0,WAIGPHDINSIFKGRKPTKIACYLGFRESPMRCTTARAWLIPST,2.0,45.0,../results/wu_2024_datasets/riboss/SRR15700008_13.riboss.sig.blastp.xml
AT1G14710.1,uORF,ATG,ATG,"[350, 365]",uORF,"[108.823, 0.0, 0.0]","[446, 2252]",mORF,"[0.830714, 0.0, 0.0]","[array([[  148,     0,     0],
       [10707,   484,   130]]), array([[  148,     1],
       [10707,   614]])]",8.486464592514695,ChiSquare,"ChiSquareResult(statistic=16.39548751994453, adjusted_pvalue=0.0007784527826085941, adjusted_bootstrap_pvalue=0.010318087318087319, adjusted_residuals=array([[ 2.91219539, -2.57024125, -1.31109915],
       [-2.91219539,  2.57024125,  1.31109915]]), adjusted_posthoc_pvalues=[0.00730303831134966, 0.00730303831134966])",ATGACTTGTGTTTGA,MTCV,AT1G14710.1__350-365,">AT1G14710.1__350-365
MTCV",,,,,,,,,,,,,,../results/wu_2024_datasets/riboss/SRR15700008_13.riboss.sig.blastp.xml
AT1G20900.1,uORF,ATG,ATG,"[282, 291]",uORF,"[69.0, 0.0, 0.0]","[468, 1404]",mORF,"[1.0, 1.0, 0.0]","[array([[ 69,   0,   0],
       [771, 168,  13]]), array([[ 69,   1],
       [771, 181]])]",16.1791648116078,ChiSquare,"ChiSquareResult(statistic=27.98669218730756, adjusted_pvalue=3.5690966037820345e-06, adjusted_bootstrap_pvalue=0.0, adjusted_residuals=array([[ 3.99317724, -3.817676  , -0.97692304],
       [-3.99317724,  3.817676  ,  0.97692304]]), adjusted_posthoc_pvalues=[0.00016834382611744515, 0.00016834382611744515])",ATGCTTTAG,ML,AT1G20900.1__282-291,">AT1G20900.1__282-291
ML",,,,,,,,,,,,,,../results/wu_2024_datasets/riboss/SRR15700008_13.riboss.sig.blastp.xml
AT1G35320.1,dORF,ATG,ATG,"[777, 813]",dORF,"[32.2479, 1.79155, 0.0]","[0, 468]",mORF,"[0.0, 0.0, 0.0]","[array([[47,  4,  0],
       [37,  9,  9]]), array([[47,  4],
       [37, 19]])]",5.937947870744492,ChiSquare,"ChiSquareResult(statistic=15.492514910959457, adjusted_pvalue=0.0011796541715578316, adjusted_bootstrap_pvalue=0.010318087318087319, adjusted_residuals=array([[ 3.15639204, -1.33619933, -3.01989653],
       [-3.15639204,  1.33619933,  3.01989653]]), adjusted_posthoc_pvalues=[0.0034097199409229735, 0.0034097199409229735])",ATGGTGTATTTTGGAAACCTCAGATTTATTTTCTAA,MVYFGNLRFIF,AT1G35320.1__777-813,">AT1G35320.1__777-813
MVYFGNLRFIF",,,,,,,,,,,,,,../results/wu_2024_datasets/riboss/SRR15700008_13.riboss.sig.blastp.xml
AT1G50440.1,uORF,ATG,ATG,"[72, 87]",uORF,"[4.68351, 0.0, 0.0]","[236, 989]",mORF,"[0.0, 0.585438, 0.0]","[array([[ 33,   2,   0],
       [194,  84,  15]]), array([[ 33,   2],
       [194, 100]])]",8.4698266637552,ChiSquare,"ChiSquareResult(statistic=15.534646715953922, adjusted_pvalue=0.0011588862166811262, adjusted_bootstrap_pvalue=0.005432950191570881, adjusted_residuals=array([[ 3.40045584, -2.9182241 , -1.37028402],
       [-3.40045584,  2.9182241 ,  1.37028402]]), adjusted_posthoc_pvalues=[0.0015141899601515566, 0.0015141899601515566])",ATGAATCGAGACTAA,MNRD,AT1G50440.1__72-87,">AT1G50440.1__72-87
MNRD",,,,,,,,,,,,,,../results/wu_2024_datasets/riboss/SRR15700008_13.riboss.sig.blastp.xml
AT1G53887.1,uORF,ATG,ATG,"[304, 388]",uORF,"[24.0, 0.0, 0.0]","[432, 528]",mORF,"[2.0, 0.0, 0.0]","[array([[38,  0,  0],
       [58,  9, 11]]), array([[38,  1],
       [58, 20]])]",12.91510847150634,ChiSquare,"ChiSquareResult(statistic=17.842883824577413, adjusted_pvalue=0.0003957818082805351, adjusted_bootstrap_pvalue=0.0028311466058185968, adjusted_residuals=array([[ 3.43125404, -2.18023274, -2.4331853 ],
       [-3.43125404,  2.18023274,  2.4331853 ]]), adjusted_posthoc_pvalues=[0.0013609123262976392, 0.0013609123262976392])",ATGACCACTCTATATACTACTACTCTAATTACTCTACTGTTATCTTCTTCACCTATTCCAATTCTTTCTTCTCTTTTTTGTTAA,MTTLYTTTLITLLLSSSPIPILSSLFC,AT1G53887.1__304-388,">AT1G53887.1__304-388
MTTLYTTTLITLLLSSSPIPILSSLFC",,,,,,,,,,,,,,../results/wu_2024_datasets/riboss/SRR15700008_13.riboss.sig.blastp.xml
AT1G71980.1,uORF,ATG,ATG,"[422, 449]",uORF,"[0.0, 0.0, 0.0]","[547, 1894]",mORF,"[4.0, 0.0, 0.0]","[array([[3341,   23,    1],
       [2429,  120,   23]]), array([[3341,   24],
       [2429,  143]])]",8.192968532700199,ChiSquare,"ChiSquareResult(statistic=135.57297374823767, adjusted_pvalue=1.1351413754924318e-28, adjusted_bootstrap_pvalue=0.0, adjusted_residuals=array([[ 11.1919862 ,  -9.91674089,  -5.20212837],
       [-11.1919862 ,   9.91674089,   5.20212837]]), adjusted_posthoc_pvalues=[6.187421499675352e-28, 6.187421499675352e-28])",ATGGAAGCTGACGTGTCAATTTCCTGA,MEADVSIS,AT1G71980.1__422-449,">AT1G71980.1__422-449
MEADVSIS",,,,,,,,,,,,,,../results/wu_2024_datasets/riboss/SRR15700008_13.riboss.sig.blastp.xml
AT2G32070.1,uORF,ATG,ATG,"[188, 215]",uORF,"[0.0, 0.0, 0.0]","[270, 1098]",mORF,"[4.0, 0.0, 9.0]","[array([[ 118,    1,    0],
       [3529,  172,  268]]), array([[ 118,    1],
       [3529,  440]])]",14.708540868809795,ChiSquare,"ChiSquareResult(statistic=22.082270165129252, adjusted_pvalue=5.489993742232125e-05, adjusted_bootstrap_pvalue=0.0, adjusted_residuals=array([[ 3.54992219, -1.86513427, -2.93240594],
       [-3.54992219,  1.86513427,  2.93240594]]), adjusted_posthoc_pvalues=[0.0008987158736171912, 0.0008987158736171912])",ATGAAACCAGATCGGATCTTGCTCTAG,MKPDRILL,AT2G32070.1__188-215,">AT2G32070.1__188-215
MKPDRILL",,,,,,,,,,,,,,../results/wu_2024_datasets/riboss/SRR15700008_13.riboss.sig.blastp.xml
AT2G37630.1,uORF,ATG,ATG,"[150, 201]",uORF,"[93.0, 5.0, 1.0]","[250, 1354]",mORF,"[0.0, 0.0, 0.0]","[array([[203,   7,   3],
       [977, 259,  85]]), array([[203,  10],
       [977, 344]])]",7.1418185722955245,ChiSquare,"ChiSquareResult(statistic=61.64410355257133, adjusted_pvalue=4.123747534390091e-13, adjusted_bootstrap_pvalue=0.0, adjusted_residuals=array([[ 6.86165099, -5.83811847, -2.92722981],
       [-6.86165099,  5.83811847,  2.92722981]]), adjusted_posthoc_pvalues=[3.378274675821328e-11, 3.378274675821328e-11])",ATGGAAGTTGCTCTTGAGTTTGGGATTATTTATCTTTTCAATATCATTTGA,MEVALEFGIIYLFNII,AT2G37630.1__150-201,">AT2G37630.1__150-201
MEVALEFGIIYLFNII",,,,,,,,,,,,,,../results/wu_2024_datasets/riboss/SRR15700008_13.riboss.sig.blastp.xml
AT2G40730.1,uORF,ATG,ATG,"[100, 133]",uORF,"[575.0, 7.0, 0.0]","[236, 2633]",mORF,"[2.0, 0.0, 0.0]","[array([[  624,    14,     0],
       [11776,   551,   103]]), array([[  624,    14],
       [11776,   654]])]",2.475229498640841,ChiSquare,"ChiSquareResult(statistic=19.42658692324555, adjusted_pvalue=0.00018983778317380095, adjusted_bootstrap_pvalue=0.0, adjusted_residuals=array([[ 3.43068068, -2.71125094, -2.30840332],
       [-3.43068068,  2.71125094,  2.30840332]]), adjusted_posthoc_pvalues=[0.0013631696400482273, 0.0013631696400482273])",ATGCAGATTGAAGAAGAAGGAGAAGAATCATAA,MQIEEEGEES,AT2G40730.1__100-133,">AT2G40730.1__100-133
MQIEEEGEES",,,,,,,,,,,,,,../results/wu_2024_datasets/riboss/SRR15700008_13.riboss.sig.blastp.xml
AT2G41230.1,dORF,ATG,ATG,"[380, 524]",dORF,"[0.0, 0.0, 0.0]","[72, 339]",mORF,"[1.0, 0.0, 0.0]","[array([[ 41,   0,   0],
       [107,  27,  40]]), array([[ 41,   1],
       [107,  67]])]",25.454779131288028,ChiSquare,"ChiSquareResult(statistic=34.83364549856431, adjusted_pvalue=1.45623449507487e-07, adjusted_bootstrap_pvalue=0.0, adjusted_residuals=array([[ 4.7889806 , -2.69736359, -3.40288683],
       [-4.7889806 ,  2.69736359,  3.40288683]]), adjusted_posthoc_pvalues=[5.032976894714785e-06, 5.032976894714785e-06])",ATGCATTACACAAATATGTCTAATTGTGTCTCTATGTGTATGTTATTCAGGAGCAGATTAAGGGCTTTTAGTTTTAGTTTCGTGCAAGTAAGATCATGTCATGTGATAGATCTCCGAGTTTTTCTTTTCAAGGATTTCGTGTAA,MHYTNMSNCVSMCMLFRSRLRAFSFSFVQVRSCHVIDLRVFLFKDFV,AT2G41230.1__380-524,">AT2G41230.1__380-524
MHYTNMSNCVSMCMLFRSRLRAFSFSFVQVRSCHVIDLRVFLFKDFV",AAC78548,unknown protein [Arabidopsis thaliana],gb|AAC78548.1|,gb|AAC78548.1| unknown protein [Arabidopsis thaliana],61.0,5.85118e-24,95.1301,MHYTNMSNCVSMCMLFRSRLRAFSFSFVQVRSCHVIDLRVFLFKDFV,15.0,61.0,MHYTNMSNCVSMCMLFRSRLRAFSFSFVQVRSCHVIDLRVFLFKDFV,1.0,47.0,../results/wu_2024_datasets/riboss/SRR15700008_13.riboss.sig.blastp.xml
AT3G25660.1,uORF,ATG,ATG,"[145, 157]",uORF,"[467.0, 5.0, 0.0]","[179, 1793]",mORF,"[1.0, 0.0, 0.0]","[array([[ 506,   10,    6],
       [8820,  477,   78]]), array([[ 506,   16],
       [8820,  555]])]",1.9899028419942684,ChiSquare,"ChiSquareResult(statistic=13.987207715993431, adjusted_pvalue=0.0023716003597429765, adjusted_bootstrap_pvalue=0.007907063197026023, adjusted_residuals=array([[ 2.72265509, -3.26126754,  0.76943804],
       [-2.72265509,  3.26126754, -0.76943804]]), adjusted_posthoc_pvalues=[0.012579336019561831, 0.012579336019561831])",ATGATTCAGTGA,MIQ,AT3G25660.1__145-157,">AT3G25660.1__145-157
MIQ",,,,,,,,,,,,,,../results/wu_2024_datasets/riboss/SRR15700008_13.riboss.sig.blastp.xml
AT3G27390.1,uORF,ATG,ATG,"[229, 244]",uORF,"[87.5116, 0.0, 0.0]","[281, 2048]",mORF,"[7.52788, 4.70493, 0.0]","[array([[  99,    0,    0],
       [8545,  677,   66]]), array([[  99,    1],
       [8545,  744]])]",8.618896205688602,ChiSquare,"ChiSquareResult(statistic=16.417552432600473, adjusted_pvalue=0.0007703506835253611, adjusted_bootstrap_pvalue=0.007907063197026023, adjusted_residuals=array([[ 2.93262769, -2.78872159, -0.84170638],
       [-2.93262769,  2.78872159,  0.84170638]]), adjusted_posthoc_pvalues=[0.006853317401860503, 0.006853317401860503])",ATGGGTTTGTGTTAA,MGLC,AT3G27390.1__229-244,">AT3G27390.1__229-244
MGLC",,,,,,,,,,,,,,../results/wu_2024_datasets/riboss/SRR15700008_13.riboss.sig.blastp.xml
AT3G59710.2,dORF,ATG,ATG,"[1278, 1290]",dORF,"[72.0, 0.0, 0.0]","[40, 1006]",mORF,"[0.0, 0.0, 0.0]","[array([[ 74,   1,   0],
       [165,  21,   3]]), array([[ 74,   1],
       [165,  24]])]",10.708147515285198,ChiSquare,"ChiSquareResult(statistic=11.17567452825483, adjusted_pvalue=0.00854511370217953, adjusted_bootstrap_pvalue=0.04880911935628073, adjusted_residuals=array([[ 2.84424508, -2.59229628, -1.09734216],
       [-2.84424508,  2.59229628,  1.09734216]]), adjusted_posthoc_pvalues=[0.0089123372084016, 0.0089123372084016])",ATGGCTTTGTAG,MAL,AT3G59710.2__1278-1290,">AT3G59710.2__1278-1290
MAL",,,,,,,,,,,,,,../results/wu_2024_datasets/riboss/SRR15700008_13.riboss.sig.blastp.xml
AT4G18390.1,uORF,ATG,ATG,"[247, 271]",uORF,"[62.0, 0.0, 0.0]","[509, 1607]",mORF,"[0.0, 0.0, 0.0]","[array([[ 71,   0,   0],
       [675,  46,  19]]), array([[ 71,   1],
       [675,  65]])]",6.8286591465898265,ChiSquare,"ChiSquareResult(statistic=12.440045365754305, adjusted_pvalue=0.004797084585184216, adjusted_bootstrap_pvalue=0.0409225836005497, adjusted_residuals=array([[ 2.60382029, -2.1630768 , -1.36627446],
       [-2.60382029,  2.1630768 ,  1.36627446]]), adjusted_posthoc_pvalues=[0.017490227376172833, 0.017490227376172833])",ATGGTGAAATATCAAAAACCCTAA,MVKYQKP,AT4G18390.1__247-271,">AT4G18390.1__247-271
MVKYQKP",,,,,,,,,,,,,,../results/wu_2024_datasets/riboss/SRR15700008_13.riboss.sig.blastp.xml
AT4G18820.1,uORF,ATG,ATG,"[685, 754]",uORF,"[0.0, 0.0, 0.0]","[758, 4052]",mORF,"[4.0, 0.0, 0.0]","[array([[ 278,    2,    1],
       [2292,  116,   22]]), array([[ 278,    3],
       [2292,  138]])]",5.577474680653339,ChiSquare,"ChiSquareResult(statistic=15.856936585230873, adjusted_pvalue=0.000999082184569818, adjusted_bootstrap_pvalue=0.007907063197026023, adjusted_residuals=array([[ 3.29592576, -3.15943939, -0.95080781],
       [-3.29592576,  3.15943939,  0.95080781]]), adjusted_posthoc_pvalues=[0.002146649248343495, 0.002146649248343495])",ATGAGATACAATTCGATTTGGTACTTATGCAAGATTCCGAGGAGGAAAGAGATGATATTTTTCTGCTGA,MRYNSIWYLCKIPRRKEMIFFC,AT4G18820.1__685-754,">AT4G18820.1__685-754
MRYNSIWYLCKIPRRKEMIFFC",,,,,,,,,,,,,,../results/wu_2024_datasets/riboss/SRR15700008_13.riboss.sig.blastp.xml
AT4G26570.1,uORF,ATG,ATG,"[281, 308]",uORF,"[164.67, 0.0, 0.0]","[323, 1004]",mORF,"[1.9373, 25.1849, 1.9373]","[array([[ 190,    6,    0],
       [3082,  522,   88]]), array([[ 190,    6],
       [3082,  610]])]",6.265937466998433,ChiSquare,"ChiSquareResult(statistic=37.125902245984484, adjusted_pvalue=4.9254464531041325e-08, adjusted_bootstrap_pvalue=0.0, adjusted_residuals=array([[ 5.0292343 , -4.41138899, -2.18630051],
       [-5.0292343 ,  4.41138899,  2.18630051]]), adjusted_posthoc_pvalues=[1.571698640184847e-06, 1.571698640184847e-06])",ATGGTTAAAAGGCATGGAGAGTTTTGA,MVKRHGEF,AT4G26570.1__281-308,">AT4G26570.1__281-308
MVKRHGEF",,,,,,,,,,,,,,../results/wu_2024_datasets/riboss/SRR15700008_13.riboss.sig.blastp.xml
AT4G31040.1,uORF,ATG,ATG,"[165, 213]",uORF,"[19.0, 0.0, 0.0]","[245, 1562]",mORF,"[0.0, 0.0, 0.0]","[array([[  83,    2,    0],
       [1499,  383,  135]]), array([[  83,    2],
       [1499,  518]])]",14.332252396246231,ChiSquare,"ChiSquareResult(statistic=35.97486845524399, adjusted_pvalue=8.495247880797943e-08, adjusted_bootstrap_pvalue=0.0, adjusted_residuals=array([[ 4.88276241, -3.88421428, -2.46568489],
       [-4.88276241,  3.88421428,  2.46568489]]), adjusted_posthoc_pvalues=[3.2087693633373686e-06, 3.2087693633373686e-06])",ATGCTGGTTTGTCTGGGTTTTGTAGAAGAATCTGTGTTGTTGCTTTGA,MLVCLGFVEESVLLL,AT4G31040.1__165-213,">AT4G31040.1__165-213
MLVCLGFVEESVLLL",,,,,,,,,,,,,,../results/wu_2024_datasets/riboss/SRR15700008_13.riboss.sig.blastp.xml
AT5G02480.1,uORF,ATG,ATG,"[636, 687]",uORF,"[1.0, 0.0, 0.0]","[716, 2243]",mORF,"[1.0, 0.0, 0.0]","[array([[ 211,    0,    1],
       [5296,  287,   44]]), array([[ 211,    1],
       [5296,  331]])]",13.185217276124838,ChiSquare,"ChiSquareResult(statistic=22.146551779844486, adjusted_pvalue=5.334754843331342e-05, adjusted_bootstrap_pvalue=0.0, adjusted_residuals=array([[ 3.33963401, -3.37221247, -0.50709162],
       [-3.33963401,  3.37221247,  0.50709162]]), adjusted_posthoc_pvalues=[0.0018561767554478798, 0.0018561767554478798])",ATGTGGGTTAATTGGGAGATCTGGGATTTGGGAGATCTTGTGGTGGATTGA,MWVNWEIWDLGDLVVD,AT5G02480.1__636-687,">AT5G02480.1__636-687
MWVNWEIWDLGDLVVD",,,,,,,,,,,,,,../results/wu_2024_datasets/riboss/SRR15700008_13.riboss.sig.blastp.xml
AT5G05610.2,uORF,ATG,ATG,"[61, 85]",uORF,"[130.0, 0.0, 0.0]","[165, 891]",mORF,"[66.7015, 0.0, 0.0]","[array([[ 145,    0,    0],
       [3849,  236,   20]]), array([[ 145,    0],
       [3849,  257]])]",inf,ChiSquare,"ChiSquareResult(statistic=18.34119994848359, adjusted_pvalue=0.0003141242736904502, adjusted_bootstrap_pvalue=0.0028311466058185968, adjusted_residuals=array([[ 3.10197175, -2.970908  , -0.84249377],
       [-3.10197175,  2.970908  ,  0.84249377]]), adjusted_posthoc_pvalues=[0.00406505659171138, 0.00406505659171138])",ATGCAGACCTCAATCCATCTCTAA,MQTSIHL,AT5G05610.2__61-85,">AT5G05610.2__61-85
MQTSIHL",,,,,,,,,,,,,,../results/wu_2024_datasets/riboss/SRR15700008_13.riboss.sig.blastp.xml
AT5G10790.1,uORF,ATG,ATG,"[185, 212]",uORF,"[22.0, 0.0, 0.0]","[357, 2031]",mORF,"[0.0, 0.0, 0.0]","[array([[  71,    2,    0],
       [1010,  218,   13]]), array([[  71,    2],
       [1010,  232]])]",8.147641686347475,ChiSquare,"ChiSquareResult(statistic=17.186040173310882, adjusted_pvalue=0.0005390257934880844, adjusted_bootstrap_pvalue=0.007907063197026023, adjusted_residuals=array([[ 3.45102925, -3.29739552, -0.87883278],
       [-3.45102925,  3.29739552,  0.87883278]]), adjusted_posthoc_pvalues=[0.0012678876587811504, 0.0012678876587811504])",ATGATGACTCTTAACACGCTAACCTGA,MMTLNTLT,AT5G10790.1__185-212,">AT5G10790.1__185-212
MMTLNTLT",,,,,,,,,,,,,,../results/wu_2024_datasets/riboss/SRR15700008_13.riboss.sig.blastp.xml
AT5G16650.1,uORF,ATG,ATG,"[280, 337]",uORF,"[29.6107, 0.0, 1.91037]","[323, 710]",mORF,"[25.79, 0.0, 16.2381]","[array([[246,  30,   1],
       [818, 149,  57]]), array([[246,  32],
       [818, 206]])]",1.935108315268838,ChiSquare,"ChiSquareResult(statistic=24.687396494547027, adjusted_pvalue=1.6369726465688606e-05, adjusted_bootstrap_pvalue=0.0, adjusted_residuals=array([[ 3.41454778, -1.59478367, -3.72419725],
       [-3.41454778,  1.59478367,  3.72419725]]), adjusted_posthoc_pvalues=[0.0014412549161755442, 0.0014412549161755442])",ATGATGTGTGAGGAGATTCTTCCTCTGTTTGTGTCTGTTTCAGATGGAAGACAATGA,MMCEEILPLFVSVSDGRQ,AT5G16650.1__280-337,">AT5G16650.1__280-337
MMCEEILPLFVSVSDGRQ",,,,,,,,,,,,,,../results/wu_2024_datasets/riboss/SRR15700008_13.riboss.sig.blastp.xml
AT5G26622.1,uORF,ATG,ATG,"[149, 320]",uORF,"[1.0, 0.0, 0.0]","[558, 1446]",mORF,"[0.0, 0.0, 0.0]","[array([[47,  3,  4],
       [79, 13, 57]]), array([[47,  7],
       [79, 70]])]",5.902796532698858,ChiSquare,"ChiSquareResult(statistic=23.748051896329134, adjusted_pvalue=2.552589819008e-05, adjusted_bootstrap_pvalue=0.0, adjusted_residuals=array([[ 4.41369346, -0.74048692, -4.2359487 ],
       [-4.41369346,  0.74048692,  4.2359487 ]]), adjusted_posthoc_pvalues=[2.8254852244437637e-05, 2.8254852244437637e-05])",ATGGAGCTCGACTGTTCTCTCATCTCTTCAACCTCTGTTAACGATTCTCCTGCTGTTTTGGCACCCCGAAGAGCCAATCCTTACCAATTATCCCTTATCCTTCGAAGCTGCAACGTATGGGTTTGCTCTTCGCAGATCTATAAAGTTTGGTACGCTCTCGACTCCCTCTGA,MELDCSLISSTSVNDSPAVLAPRRANPYQLSLILRSCNVWVCSSQIYKVWYALDSL,AT5G26622.1__149-320,">AT5G26622.1__149-320
MELDCSLISSTSVNDSPAVLAPRRANPYQLSLILRSCNVWVCSSQIYKVWYALDSL",,,,,,,,,,,,,,../results/wu_2024_datasets/riboss/SRR15700008_13.riboss.sig.blastp.xml
AT5G53140.1,uORF,ATG,ATG,"[61, 193]",uORF,"[0.0, 0.0, 0.0]","[446, 1709]",mORF,"[69.9036, 3.99449, 0.0]","[array([[ 418,   15,    0],
       [9188,  424,  198]]), array([[ 418,   16],
       [9188,  623]])]",1.7713486244874672,ChiSquare,"ChiSquareResult(statistic=18.226990368030073, adjusted_pvalue=0.0003305735492781526, adjusted_bootstrap_pvalue=0.0028311466058185968, adjusted_residuals=array([[ 2.42538133, -0.86258803, -2.98524965],
       [-2.42538133,  0.86258803,  2.98524965]]), adjusted_posthoc_pvalues=[0.02795423838495695, 0.02795423838495695])",ATGACTAGTGCCACGTTGCCGCTTCTGTTCGGTGTCCTCTCTCTCTTTCACTACTCACCACCACTCTCTCTCTCTCTCCCTCCATCTCTCTTGGATTCTCTCTCAGATTCCATGGAAGCTCCAAAAAGCTGA,MTSATLPLLFGVLSLFHYSPPLSLSLPPSLLDSLSDSMEAPKS,AT5G53140.1__61-193,">AT5G53140.1__61-193
MTSATLPLLFGVLSLFHYSPPLSLSLPPSLLDSLSDSMEAPKS",,,,,,,,,,,,,,../results/wu_2024_datasets/riboss/SRR15700008_13.riboss.sig.blastp.xml
AT5G65630.1,uORF,ATG,ATG,"[1222, 1228]",uORF,"[93.0, 2.0, 2.0]","[1317, 3090]",mORF,"[0.0, 52.0, 0.0]","[array([[  93,    2,    2],
       [2256,  383,  133]]), array([[  93,    4],
       [2256,  516]])]",5.316001342856901,ChiSquare,"ChiSquareResult(statistic=19.024180328911076, adjusted_pvalue=0.0002283916008761806, adjusted_bootstrap_pvalue=0.005432950191570881, adjusted_residuals=array([[ 3.64169147, -3.33856557, -1.25088507],
       [-3.64169147,  3.33856557,  1.25088507]]), adjusted_posthoc_pvalues=[0.0006413364988484947, 0.0006413364988484947])",ATGTAA,M,AT5G65630.1__1222-1228,">AT5G65630.1__1222-1228
M",,,,,,,,,,,,,,../results/wu_2024_datasets/riboss/SRR15700008_13.riboss.sig.blastp.xml
AT5G66950.1,uORF,ATG,ATG,"[213, 249]",uORF,"[210.0, 0.0, 0.0]","[538, 3151]",mORF,"[1.0, 0.0, 0.0]","[array([[ 259,    0,    0],
       [5129,  357,   44]]), array([[ 259,    1],
       [5129,  401]])]",20.24563840689592,ChiSquare,"ChiSquareResult(statistic=38.07484159834031, adjusted_pvalue=3.1475157528359826e-08, adjusted_bootstrap_pvalue=0.0, adjusted_residuals=array([[ 4.49208002, -4.22127182, -1.44102134],
       [-4.49208002,  4.22127182,  1.44102134]]), adjusted_posthoc_pvalues=[1.995695056873549e-05, 1.995695056873549e-05])",ATGAAGCTTCTCTGTGTTTCTCAGATTTTCTTTTGA,MKLLCVSQIFF,AT5G66950.1__213-249,">AT5G66950.1__213-249
MKLLCVSQIFF",,,,,,,,,,,,,,../results/wu_2024_datasets/riboss/SRR15700008_13.riboss.sig.blastp.xml
